--
-- PostgreSQL database dump
--

-- Dumped from database version 12.14 (Ubuntu 12.14-0ubuntu0.20.04.1)
-- Dumped by pg_dump version 12.14 (Ubuntu 12.14-0ubuntu0.20.04.1)

SET statement_timeout = 0;
SET lock_timeout = 0;
SET idle_in_transaction_session_timeout = 0;
SET client_encoding = 'UTF8';
SET standard_conforming_strings = on;
SELECT pg_catalog.set_config('search_path', '', false);
SET check_function_bodies = false;
SET xmloption = content;
SET client_min_messages = warning;
SET row_security = off;

SET default_tablespace = '';

SET default_table_access_method = heap;

--
-- Name: agro_actividad; Type: TABLE; Schema: public; Owner: agro
--

CREATE TABLE public.agro_actividad (
    id bigint NOT NULL,
    nombre character varying(50) NOT NULL
);


ALTER TABLE public.agro_actividad OWNER TO agro;

--
-- Name: agro_actividad_id_seq; Type: SEQUENCE; Schema: public; Owner: agro
--

ALTER TABLE public.agro_actividad ALTER COLUMN id ADD GENERATED BY DEFAULT AS IDENTITY (
    SEQUENCE NAME public.agro_actividad_id_seq
    START WITH 1
    INCREMENT BY 1
    NO MINVALUE
    NO MAXVALUE
    CACHE 1
);


--
-- Name: agro_agro_costoprod; Type: TABLE; Schema: public; Owner: agro
--

CREATE TABLE public.agro_agro_costoprod (
    id bigint NOT NULL,
    cultivo_id bigint NOT NULL,
    sistema_cultivo_id bigint NOT NULL,
    nombre character varying(50) NOT NULL
);


ALTER TABLE public.agro_agro_costoprod OWNER TO agro;

--
-- Name: agro_agro_costoprod_id_seq; Type: SEQUENCE; Schema: public; Owner: agro
--

ALTER TABLE public.agro_agro_costoprod ALTER COLUMN id ADD GENERATED BY DEFAULT AS IDENTITY (
    SEQUENCE NAME public.agro_agro_costoprod_id_seq
    START WITH 1
    INCREMENT BY 1
    NO MINVALUE
    NO MAXVALUE
    CACHE 1
);


--
-- Name: agro_agro_costoprodo; Type: TABLE; Schema: public; Owner: agro
--

CREATE TABLE public.agro_agro_costoprodo (
    id bigint NOT NULL,
    orden integer NOT NULL,
    cantidad numeric(10,4) NOT NULL,
    precio_unitario numeric(12,2) NOT NULL,
    cotizacion numeric(12,3) NOT NULL,
    agro_producto_id bigint NOT NULL,
    especificacion_id bigint,
    moneda_id bigint,
    um_id bigint NOT NULL,
    costo_prod_id bigint NOT NULL
);


ALTER TABLE public.agro_agro_costoprodo OWNER TO agro;

--
-- Name: agro_agro_costoprodo_id_seq; Type: SEQUENCE; Schema: public; Owner: agro
--

ALTER TABLE public.agro_agro_costoprodo ALTER COLUMN id ADD GENERATED BY DEFAULT AS IDENTITY (
    SEQUENCE NAME public.agro_agro_costoprodo_id_seq
    START WITH 1
    INCREMENT BY 1
    NO MINVALUE
    NO MAXVALUE
    CACHE 1
);


--
-- Name: agro_agro_producto; Type: TABLE; Schema: public; Owner: agro
--

CREATE TABLE public.agro_agro_producto (
    id bigint NOT NULL,
    codigo character varying(30) NOT NULL,
    descripcion character varying(100) NOT NULL,
    image character varying(100) NOT NULL,
    status character varying(1) NOT NULL,
    add_date timestamp with time zone NOT NULL,
    agro_rubro_id bigint,
    agro_tipo_id bigint
);


ALTER TABLE public.agro_agro_producto OWNER TO agro;

--
-- Name: agro_agro_producto_id_seq; Type: SEQUENCE; Schema: public; Owner: agro
--

ALTER TABLE public.agro_agro_producto ALTER COLUMN id ADD GENERATED BY DEFAULT AS IDENTITY (
    SEQUENCE NAME public.agro_agro_producto_id_seq
    START WITH 1
    INCREMENT BY 1
    NO MINVALUE
    NO MAXVALUE
    CACHE 1
);


--
-- Name: agro_agro_rubroprod; Type: TABLE; Schema: public; Owner: agro
--

CREATE TABLE public.agro_agro_rubroprod (
    id bigint NOT NULL,
    nombre character varying(100) NOT NULL,
    orden integer NOT NULL,
    letra character varying(1) NOT NULL
);


ALTER TABLE public.agro_agro_rubroprod OWNER TO agro;

--
-- Name: agro_agro_rubroprod_id_seq; Type: SEQUENCE; Schema: public; Owner: agro
--

ALTER TABLE public.agro_agro_rubroprod ALTER COLUMN id ADD GENERATED BY DEFAULT AS IDENTITY (
    SEQUENCE NAME public.agro_agro_rubroprod_id_seq
    START WITH 1
    INCREMENT BY 1
    NO MINVALUE
    NO MAXVALUE
    CACHE 1
);


--
-- Name: agro_agro_tipoprod; Type: TABLE; Schema: public; Owner: agro
--

CREATE TABLE public.agro_agro_tipoprod (
    id bigint NOT NULL,
    nombre character varying(100) NOT NULL
);


ALTER TABLE public.agro_agro_tipoprod OWNER TO agro;

--
-- Name: agro_agro_tipoprod_id_seq; Type: SEQUENCE; Schema: public; Owner: agro
--

ALTER TABLE public.agro_agro_tipoprod ALTER COLUMN id ADD GENERATED BY DEFAULT AS IDENTITY (
    SEQUENCE NAME public.agro_agro_tipoprod_id_seq
    START WITH 1
    INCREMENT BY 1
    NO MINVALUE
    NO MAXVALUE
    CACHE 1
);


--
-- Name: agro_calendario; Type: TABLE; Schema: public; Owner: agro
--

CREATE TABLE public.agro_calendario (
    id bigint NOT NULL,
    fecha_ini date NOT NULL,
    fecha_final date NOT NULL,
    empresa_id bigint NOT NULL,
    lote_id bigint NOT NULL,
    planificacion_id bigint NOT NULL
);


ALTER TABLE public.agro_calendario OWNER TO agro;

--
-- Name: agro_calendario_id_seq; Type: SEQUENCE; Schema: public; Owner: agro
--

ALTER TABLE public.agro_calendario ALTER COLUMN id ADD GENERATED BY DEFAULT AS IDENTITY (
    SEQUENCE NAME public.agro_calendario_id_seq
    START WITH 1
    INCREMENT BY 1
    NO MINVALUE
    NO MAXVALUE
    CACHE 1
);


--
-- Name: agro_campo; Type: TABLE; Schema: public; Owner: agro
--

CREATE TABLE public.agro_campo (
    id bigint NOT NULL,
    nombre character varying(100) NOT NULL,
    empresa_id bigint,
    descripcion character varying(100) NOT NULL,
    image character varying(100) NOT NULL,
    observaciones text
);


ALTER TABLE public.agro_campo OWNER TO agro;

--
-- Name: agro_campo_id_seq; Type: SEQUENCE; Schema: public; Owner: agro
--

ALTER TABLE public.agro_campo ALTER COLUMN id ADD GENERATED BY DEFAULT AS IDENTITY (
    SEQUENCE NAME public.agro_campo_id_seq
    START WITH 1
    INCREMENT BY 1
    NO MINVALUE
    NO MAXVALUE
    CACHE 1
);


--
-- Name: agro_ciudad; Type: TABLE; Schema: public; Owner: agro
--

CREATE TABLE public.agro_ciudad (
    id bigint NOT NULL,
    nombre character varying(100) NOT NULL,
    provincia_id bigint NOT NULL
);


ALTER TABLE public.agro_ciudad OWNER TO agro;

--
-- Name: agro_ciudad_id_seq; Type: SEQUENCE; Schema: public; Owner: agro
--

ALTER TABLE public.agro_ciudad ALTER COLUMN id ADD GENERATED BY DEFAULT AS IDENTITY (
    SEQUENCE NAME public.agro_ciudad_id_seq
    START WITH 1
    INCREMENT BY 1
    NO MINVALUE
    NO MAXVALUE
    CACHE 1
);


--
-- Name: agro_com; Type: TABLE; Schema: public; Owner: agro
--

CREATE TABLE public.agro_com (
    id bigint NOT NULL,
    descripcion character varying(50) NOT NULL,
    abreviada character varying(10) NOT NULL,
    automatico boolean NOT NULL,
    tipo character varying(1) NOT NULL,
    signo character varying(1) NOT NULL,
    empresa_id bigint NOT NULL,
    num_id bigint NOT NULL
);


ALTER TABLE public.agro_com OWNER TO agro;

--
-- Name: agro_com_id_seq; Type: SEQUENCE; Schema: public; Owner: agro
--

ALTER TABLE public.agro_com ALTER COLUMN id ADD GENERATED BY DEFAULT AS IDENTITY (
    SEQUENCE NAME public.agro_com_id_seq
    START WITH 1
    INCREMENT BY 1
    NO MINVALUE
    NO MAXVALUE
    CACHE 1
);


--
-- Name: agro_costoprod; Type: TABLE; Schema: public; Owner: agro
--

CREATE TABLE public.agro_costoprod (
    id bigint NOT NULL,
    fecha date NOT NULL,
    nombre character varying(50) NOT NULL,
    cultivo_id bigint NOT NULL,
    empresa_id bigint NOT NULL,
    sistema_cultivo_id bigint NOT NULL
);


ALTER TABLE public.agro_costoprod OWNER TO agro;

--
-- Name: agro_costoprod_id_seq; Type: SEQUENCE; Schema: public; Owner: agro
--

ALTER TABLE public.agro_costoprod ALTER COLUMN id ADD GENERATED BY DEFAULT AS IDENTITY (
    SEQUENCE NAME public.agro_costoprod_id_seq
    START WITH 1
    INCREMENT BY 1
    NO MINVALUE
    NO MAXVALUE
    CACHE 1
);


--
-- Name: agro_costoprodo; Type: TABLE; Schema: public; Owner: agro
--

CREATE TABLE public.agro_costoprodo (
    id bigint NOT NULL,
    orden integer NOT NULL,
    cantidad numeric(10,4) NOT NULL,
    precio_unitario numeric(12,2) NOT NULL,
    cotizacion numeric(12,3) NOT NULL,
    costo_prod_id bigint NOT NULL,
    empresa_id bigint NOT NULL,
    especificacion_id bigint,
    moneda_id bigint,
    um_id bigint NOT NULL,
    origen character varying(1) NOT NULL,
    producto_id integer
);


ALTER TABLE public.agro_costoprodo OWNER TO agro;

--
-- Name: agro_costoprodo_id_seq; Type: SEQUENCE; Schema: public; Owner: agro
--

ALTER TABLE public.agro_costoprodo ALTER COLUMN id ADD GENERATED BY DEFAULT AS IDENTITY (
    SEQUENCE NAME public.agro_costoprodo_id_seq
    START WITH 1
    INCREMENT BY 1
    NO MINVALUE
    NO MAXVALUE
    CACHE 1
);


--
-- Name: agro_cotizacion; Type: TABLE; Schema: public; Owner: agro
--

CREATE TABLE public.agro_cotizacion (
    id bigint NOT NULL,
    fecha timestamp with time zone NOT NULL,
    cotizacion numeric(12,3) NOT NULL,
    empresa_id bigint,
    moneda_id bigint NOT NULL
);


ALTER TABLE public.agro_cotizacion OWNER TO agro;

--
-- Name: agro_cotizacion_general; Type: TABLE; Schema: public; Owner: agro
--

CREATE TABLE public.agro_cotizacion_general (
    id bigint NOT NULL,
    fecha timestamp with time zone NOT NULL,
    cotizacion numeric(12,3) NOT NULL,
    moneda_id bigint NOT NULL
);


ALTER TABLE public.agro_cotizacion_general OWNER TO agro;

--
-- Name: agro_cotizacion_general_id_seq; Type: SEQUENCE; Schema: public; Owner: agro
--

ALTER TABLE public.agro_cotizacion_general ALTER COLUMN id ADD GENERATED BY DEFAULT AS IDENTITY (
    SEQUENCE NAME public.agro_cotizacion_general_id_seq
    START WITH 1
    INCREMENT BY 1
    NO MINVALUE
    NO MAXVALUE
    CACHE 1
);


--
-- Name: agro_cotizacion_id_seq; Type: SEQUENCE; Schema: public; Owner: agro
--

ALTER TABLE public.agro_cotizacion ALTER COLUMN id ADD GENERATED BY DEFAULT AS IDENTITY (
    SEQUENCE NAME public.agro_cotizacion_id_seq
    START WITH 1
    INCREMENT BY 1
    NO MINVALUE
    NO MAXVALUE
    CACHE 1
);


--
-- Name: agro_cultivo; Type: TABLE; Schema: public; Owner: agro
--

CREATE TABLE public.agro_cultivo (
    id bigint NOT NULL,
    nombre character varying(100) NOT NULL
);


ALTER TABLE public.agro_cultivo OWNER TO agro;

--
-- Name: agro_cultivo_id_seq; Type: SEQUENCE; Schema: public; Owner: agro
--

ALTER TABLE public.agro_cultivo ALTER COLUMN id ADD GENERATED BY DEFAULT AS IDENTITY (
    SEQUENCE NAME public.agro_cultivo_id_seq
    START WITH 1
    INCREMENT BY 1
    NO MINVALUE
    NO MAXVALUE
    CACHE 1
);


--
-- Name: agro_deposito; Type: TABLE; Schema: public; Owner: agro
--

CREATE TABLE public.agro_deposito (
    id bigint NOT NULL,
    nombre character varying(100) NOT NULL,
    direccion character varying(100) NOT NULL,
    telefono character varying(30) NOT NULL,
    empresa_id bigint NOT NULL
);


ALTER TABLE public.agro_deposito OWNER TO agro;

--
-- Name: agro_deposito_id_seq; Type: SEQUENCE; Schema: public; Owner: agro
--

ALTER TABLE public.agro_deposito ALTER COLUMN id ADD GENERATED BY DEFAULT AS IDENTITY (
    SEQUENCE NAME public.agro_deposito_id_seq
    START WITH 1
    INCREMENT BY 1
    NO MINVALUE
    NO MAXVALUE
    CACHE 1
);


--
-- Name: agro_empresa; Type: TABLE; Schema: public; Owner: agro
--

CREATE TABLE public.agro_empresa (
    id bigint NOT NULL,
    nombre character varying(100) NOT NULL,
    razon_social character varying(100) NOT NULL,
    cuit character varying(50) NOT NULL,
    status character varying(1) NOT NULL,
    add_date timestamp with time zone NOT NULL,
    moneda_id bigint
);


ALTER TABLE public.agro_empresa OWNER TO agro;

--
-- Name: agro_empresa_id_seq; Type: SEQUENCE; Schema: public; Owner: agro
--

ALTER TABLE public.agro_empresa ALTER COLUMN id ADD GENERATED BY DEFAULT AS IDENTITY (
    SEQUENCE NAME public.agro_empresa_id_seq
    START WITH 1
    INCREMENT BY 1
    NO MINVALUE
    NO MAXVALUE
    CACHE 1
);


--
-- Name: agro_especificacion; Type: TABLE; Schema: public; Owner: agro
--

CREATE TABLE public.agro_especificacion (
    id bigint NOT NULL,
    descripcion character varying(100) NOT NULL
);


ALTER TABLE public.agro_especificacion OWNER TO agro;

--
-- Name: agro_especificacion_id_seq; Type: SEQUENCE; Schema: public; Owner: agro
--

ALTER TABLE public.agro_especificacion ALTER COLUMN id ADD GENERATED BY DEFAULT AS IDENTITY (
    SEQUENCE NAME public.agro_especificacion_id_seq
    START WITH 1
    INCREMENT BY 1
    NO MINVALUE
    NO MAXVALUE
    CACHE 1
);


--
-- Name: agro_especificacion_tipo; Type: TABLE; Schema: public; Owner: agro
--

CREATE TABLE public.agro_especificacion_tipo (
    id bigint NOT NULL,
    nombre character varying(100) NOT NULL,
    agro_tipo_id bigint
);


ALTER TABLE public.agro_especificacion_tipo OWNER TO agro;

--
-- Name: agro_especificacion_tipo_id_seq; Type: SEQUENCE; Schema: public; Owner: agro
--

ALTER TABLE public.agro_especificacion_tipo ALTER COLUMN id ADD GENERATED BY DEFAULT AS IDENTITY (
    SEQUENCE NAME public.agro_especificacion_tipo_id_seq
    START WITH 1
    INCREMENT BY 1
    NO MINVALUE
    NO MAXVALUE
    CACHE 1
);


--
-- Name: agro_genero; Type: TABLE; Schema: public; Owner: agro
--

CREATE TABLE public.agro_genero (
    id bigint NOT NULL,
    descripcion character varying(50) NOT NULL
);


ALTER TABLE public.agro_genero OWNER TO agro;

--
-- Name: agro_genero_id_seq; Type: SEQUENCE; Schema: public; Owner: agro
--

ALTER TABLE public.agro_genero ALTER COLUMN id ADD GENERATED BY DEFAULT AS IDENTITY (
    SEQUENCE NAME public.agro_genero_id_seq
    START WITH 1
    INCREMENT BY 1
    NO MINVALUE
    NO MAXVALUE
    CACHE 1
);


--
-- Name: agro_lote; Type: TABLE; Schema: public; Owner: agro
--

CREATE TABLE public.agro_lote (
    id bigint NOT NULL,
    nombre character varying(100) NOT NULL,
    ha_totales numeric(6,2) NOT NULL,
    ha_productivas numeric(6,2) NOT NULL,
    campo_id bigint NOT NULL,
    image character varying(100) NOT NULL
);


ALTER TABLE public.agro_lote OWNER TO agro;

--
-- Name: agro_lote_id_seq; Type: SEQUENCE; Schema: public; Owner: agro
--

ALTER TABLE public.agro_lote ALTER COLUMN id ADD GENERATED BY DEFAULT AS IDENTITY (
    SEQUENCE NAME public.agro_lote_id_seq
    START WITH 1
    INCREMENT BY 1
    NO MINVALUE
    NO MAXVALUE
    CACHE 1
);


--
-- Name: agro_moneda; Type: TABLE; Schema: public; Owner: agro
--

CREATE TABLE public.agro_moneda (
    id bigint NOT NULL,
    nombre character varying(50) NOT NULL,
    corto character varying(3) NOT NULL
);


ALTER TABLE public.agro_moneda OWNER TO agro;

--
-- Name: agro_moneda_id_seq; Type: SEQUENCE; Schema: public; Owner: agro
--

ALTER TABLE public.agro_moneda ALTER COLUMN id ADD GENERATED BY DEFAULT AS IDENTITY (
    SEQUENCE NAME public.agro_moneda_id_seq
    START WITH 1
    INCREMENT BY 1
    NO MINVALUE
    NO MAXVALUE
    CACHE 1
);


--
-- Name: agro_mov; Type: TABLE; Schema: public; Owner: agro
--

CREATE TABLE public.agro_mov (
    id bigint NOT NULL,
    n_suc integer NOT NULL,
    n_com integer NOT NULL,
    fecha date NOT NULL,
    telefono character varying(30) NOT NULL,
    com_id bigint NOT NULL,
    deposito1_id bigint NOT NULL,
    deposito2_id bigint NOT NULL,
    empresa_id bigint NOT NULL
);


ALTER TABLE public.agro_mov OWNER TO agro;

--
-- Name: agro_mov_id_seq; Type: SEQUENCE; Schema: public; Owner: agro
--

ALTER TABLE public.agro_mov ALTER COLUMN id ADD GENERATED BY DEFAULT AS IDENTITY (
    SEQUENCE NAME public.agro_mov_id_seq
    START WITH 1
    INCREMENT BY 1
    NO MINVALUE
    NO MAXVALUE
    CACHE 1
);


--
-- Name: agro_movo; Type: TABLE; Schema: public; Owner: agro
--

CREATE TABLE public.agro_movo (
    id bigint NOT NULL,
    o integer NOT NULL,
    cantidad numeric(4,1) NOT NULL,
    precio_u numeric(12,2) NOT NULL,
    mov_id bigint NOT NULL,
    cotizacion numeric(12,3) NOT NULL,
    moneda_id bigint
);


ALTER TABLE public.agro_movo OWNER TO agro;

--
-- Name: agro_movo_id_seq; Type: SEQUENCE; Schema: public; Owner: agro
--

ALTER TABLE public.agro_movo ALTER COLUMN id ADD GENERATED BY DEFAULT AS IDENTITY (
    SEQUENCE NAME public.agro_movo_id_seq
    START WITH 1
    INCREMENT BY 1
    NO MINVALUE
    NO MAXVALUE
    CACHE 1
);


--
-- Name: agro_nacionalidad; Type: TABLE; Schema: public; Owner: agro
--

CREATE TABLE public.agro_nacionalidad (
    id bigint NOT NULL,
    descripcion character varying(50) NOT NULL,
    pais_id bigint NOT NULL
);


ALTER TABLE public.agro_nacionalidad OWNER TO agro;

--
-- Name: agro_nacionalidad_id_seq; Type: SEQUENCE; Schema: public; Owner: agro
--

ALTER TABLE public.agro_nacionalidad ALTER COLUMN id ADD GENERATED BY DEFAULT AS IDENTITY (
    SEQUENCE NAME public.agro_nacionalidad_id_seq
    START WITH 1
    INCREMENT BY 1
    NO MINVALUE
    NO MAXVALUE
    CACHE 1
);


--
-- Name: agro_num; Type: TABLE; Schema: public; Owner: agro
--

CREATE TABLE public.agro_num (
    id bigint NOT NULL,
    descrpcion character varying(50) NOT NULL,
    numero integer NOT NULL,
    empresa_id bigint NOT NULL
);


ALTER TABLE public.agro_num OWNER TO agro;

--
-- Name: agro_num_id_seq; Type: SEQUENCE; Schema: public; Owner: agro
--

ALTER TABLE public.agro_num ALTER COLUMN id ADD GENERATED BY DEFAULT AS IDENTITY (
    SEQUENCE NAME public.agro_num_id_seq
    START WITH 1
    INCREMENT BY 1
    NO MINVALUE
    NO MAXVALUE
    CACHE 1
);


--
-- Name: agro_pais; Type: TABLE; Schema: public; Owner: agro
--

CREATE TABLE public.agro_pais (
    id bigint NOT NULL,
    nombre character varying(100) NOT NULL
);


ALTER TABLE public.agro_pais OWNER TO agro;

--
-- Name: agro_pais_id_seq; Type: SEQUENCE; Schema: public; Owner: agro
--

ALTER TABLE public.agro_pais ALTER COLUMN id ADD GENERATED BY DEFAULT AS IDENTITY (
    SEQUENCE NAME public.agro_pais_id_seq
    START WITH 1
    INCREMENT BY 1
    NO MINVALUE
    NO MAXVALUE
    CACHE 1
);


--
-- Name: agro_planificacion; Type: TABLE; Schema: public; Owner: agro
--

CREATE TABLE public.agro_planificacion (
    id bigint NOT NULL,
    desnsidad character varying(1) NOT NULL,
    profundidad integer NOT NULL,
    cultivo_id bigint NOT NULL,
    empresa_id bigint NOT NULL
);


ALTER TABLE public.agro_planificacion OWNER TO agro;

--
-- Name: agro_planificacion_id_seq; Type: SEQUENCE; Schema: public; Owner: agro
--

ALTER TABLE public.agro_planificacion ALTER COLUMN id ADD GENERATED BY DEFAULT AS IDENTITY (
    SEQUENCE NAME public.agro_planificacion_id_seq
    START WITH 1
    INCREMENT BY 1
    NO MINVALUE
    NO MAXVALUE
    CACHE 1
);


--
-- Name: agro_plnificacion_insumos; Type: TABLE; Schema: public; Owner: agro
--

CREATE TABLE public.agro_plnificacion_insumos (
    id bigint NOT NULL,
    "Insumo" character varying(100) NOT NULL,
    "Cantidad" numeric(4,1) NOT NULL,
    empresa_id bigint NOT NULL
);


ALTER TABLE public.agro_plnificacion_insumos OWNER TO agro;

--
-- Name: agro_plnificacion_insumos_id_seq; Type: SEQUENCE; Schema: public; Owner: agro
--

ALTER TABLE public.agro_plnificacion_insumos ALTER COLUMN id ADD GENERATED BY DEFAULT AS IDENTITY (
    SEQUENCE NAME public.agro_plnificacion_insumos_id_seq
    START WITH 1
    INCREMENT BY 1
    NO MINVALUE
    NO MAXVALUE
    CACHE 1
);


--
-- Name: agro_producto; Type: TABLE; Schema: public; Owner: agro
--

CREATE TABLE public.agro_producto (
    id bigint NOT NULL,
    codigo character varying(30) NOT NULL,
    descripcion character varying(100) NOT NULL,
    image character varying(100) NOT NULL,
    status character varying(1) NOT NULL,
    add_date timestamp with time zone NOT NULL,
    agro_rubro_id bigint,
    empresa_id bigint NOT NULL,
    rubro_id bigint,
    tipo_id bigint,
    agro_tipo_id bigint
);


ALTER TABLE public.agro_producto OWNER TO agro;

--
-- Name: agro_producto_id_seq; Type: SEQUENCE; Schema: public; Owner: agro
--

ALTER TABLE public.agro_producto ALTER COLUMN id ADD GENERATED BY DEFAULT AS IDENTITY (
    SEQUENCE NAME public.agro_producto_id_seq
    START WITH 1
    INCREMENT BY 1
    NO MINVALUE
    NO MAXVALUE
    CACHE 1
);


--
-- Name: agro_profile; Type: TABLE; Schema: public; Owner: agro
--

CREATE TABLE public.agro_profile (
    id bigint NOT NULL,
    image character varying(100) NOT NULL,
    tipo character varying(1) NOT NULL,
    direccion character varying(100) NOT NULL,
    direccion2 character varying(100) NOT NULL,
    cp character varying(10) NOT NULL,
    telefono character varying(30),
    celular character varying(30),
    documento character varying(50) NOT NULL,
    fecha_nacimiento date,
    status character varying(1) NOT NULL,
    add_date timestamp with time zone NOT NULL,
    ciudad_id bigint,
    empresa_id bigint,
    genero_id bigint,
    pais_id bigint,
    provincia_id bigint,
    tipodoc_id bigint,
    user_id integer NOT NULL,
    nacionalidad_id bigint,
    observaciones character varying(1000)
);


ALTER TABLE public.agro_profile OWNER TO agro;

--
-- Name: agro_profile_id_seq; Type: SEQUENCE; Schema: public; Owner: agro
--

ALTER TABLE public.agro_profile ALTER COLUMN id ADD GENERATED BY DEFAULT AS IDENTITY (
    SEQUENCE NAME public.agro_profile_id_seq
    START WITH 1
    INCREMENT BY 1
    NO MINVALUE
    NO MAXVALUE
    CACHE 1
);


--
-- Name: agro_provincia; Type: TABLE; Schema: public; Owner: agro
--

CREATE TABLE public.agro_provincia (
    id bigint NOT NULL,
    nombre character varying(100) NOT NULL,
    pais_id bigint NOT NULL
);


ALTER TABLE public.agro_provincia OWNER TO agro;

--
-- Name: agro_provincia_id_seq; Type: SEQUENCE; Schema: public; Owner: agro
--

ALTER TABLE public.agro_provincia ALTER COLUMN id ADD GENERATED BY DEFAULT AS IDENTITY (
    SEQUENCE NAME public.agro_provincia_id_seq
    START WITH 1
    INCREMENT BY 1
    NO MINVALUE
    NO MAXVALUE
    CACHE 1
);


--
-- Name: agro_rubro; Type: TABLE; Schema: public; Owner: agro
--

CREATE TABLE public.agro_rubro (
    id bigint NOT NULL,
    nombre character varying(100) NOT NULL,
    empresa_id bigint NOT NULL
);


ALTER TABLE public.agro_rubro OWNER TO agro;

--
-- Name: agro_rubro_id_seq; Type: SEQUENCE; Schema: public; Owner: agro
--

ALTER TABLE public.agro_rubro ALTER COLUMN id ADD GENERATED BY DEFAULT AS IDENTITY (
    SEQUENCE NAME public.agro_rubro_id_seq
    START WITH 1
    INCREMENT BY 1
    NO MINVALUE
    NO MAXVALUE
    CACHE 1
);


--
-- Name: agro_sistemacultivo; Type: TABLE; Schema: public; Owner: agro
--

CREATE TABLE public.agro_sistemacultivo (
    id bigint NOT NULL,
    descripcion character varying(80) NOT NULL
);


ALTER TABLE public.agro_sistemacultivo OWNER TO agro;

--
-- Name: agro_sistemacultivo_id_seq; Type: SEQUENCE; Schema: public; Owner: agro
--

ALTER TABLE public.agro_sistemacultivo ALTER COLUMN id ADD GENERATED BY DEFAULT AS IDENTITY (
    SEQUENCE NAME public.agro_sistemacultivo_id_seq
    START WITH 1
    INCREMENT BY 1
    NO MINVALUE
    NO MAXVALUE
    CACHE 1
);


--
-- Name: agro_tipo; Type: TABLE; Schema: public; Owner: agro
--

CREATE TABLE public.agro_tipo (
    id bigint NOT NULL,
    nombre character varying(100) NOT NULL,
    empresa_id bigint NOT NULL
);


ALTER TABLE public.agro_tipo OWNER TO agro;

--
-- Name: agro_tipo_id_seq; Type: SEQUENCE; Schema: public; Owner: agro
--

ALTER TABLE public.agro_tipo ALTER COLUMN id ADD GENERATED BY DEFAULT AS IDENTITY (
    SEQUENCE NAME public.agro_tipo_id_seq
    START WITH 1
    INCREMENT BY 1
    NO MINVALUE
    NO MAXVALUE
    CACHE 1
);


--
-- Name: agro_tipodoc; Type: TABLE; Schema: public; Owner: agro
--

CREATE TABLE public.agro_tipodoc (
    id bigint NOT NULL,
    descripcion character varying(50) NOT NULL
);


ALTER TABLE public.agro_tipodoc OWNER TO agro;

--
-- Name: agro_tipodoc_id_seq; Type: SEQUENCE; Schema: public; Owner: agro
--

ALTER TABLE public.agro_tipodoc ALTER COLUMN id ADD GENERATED BY DEFAULT AS IDENTITY (
    SEQUENCE NAME public.agro_tipodoc_id_seq
    START WITH 1
    INCREMENT BY 1
    NO MINVALUE
    NO MAXVALUE
    CACHE 1
);


--
-- Name: agro_trazabilidad; Type: TABLE; Schema: public; Owner: agro
--

CREATE TABLE public.agro_trazabilidad (
    id bigint NOT NULL,
    fecha date,
    cantidad numeric(6,2) NOT NULL,
    precio_unitario numeric(12,2) NOT NULL,
    actividad_id bigint NOT NULL,
    empresa_id bigint NOT NULL,
    id_mov_id bigint NOT NULL,
    lote_id bigint NOT NULL,
    perfil_id bigint NOT NULL,
    unidad_medida_id bigint NOT NULL,
    cotizacion numeric(12,3) NOT NULL,
    moneda_id bigint,
    origen_prod character varying(1) NOT NULL,
    producto_id integer
);


ALTER TABLE public.agro_trazabilidad OWNER TO agro;

--
-- Name: agro_trazabilidad_id_seq; Type: SEQUENCE; Schema: public; Owner: agro
--

ALTER TABLE public.agro_trazabilidad ALTER COLUMN id ADD GENERATED BY DEFAULT AS IDENTITY (
    SEQUENCE NAME public.agro_trazabilidad_id_seq
    START WITH 1
    INCREMENT BY 1
    NO MINVALUE
    NO MAXVALUE
    CACHE 1
);


--
-- Name: agro_um; Type: TABLE; Schema: public; Owner: agro
--

CREATE TABLE public.agro_um (
    id bigint NOT NULL,
    nombre character varying(50) NOT NULL,
    abreviado character varying(5) NOT NULL
);


ALTER TABLE public.agro_um OWNER TO agro;

--
-- Name: agro_um_id_seq; Type: SEQUENCE; Schema: public; Owner: agro
--

ALTER TABLE public.agro_um ALTER COLUMN id ADD GENERATED BY DEFAULT AS IDENTITY (
    SEQUENCE NAME public.agro_um_id_seq
    START WITH 1
    INCREMENT BY 1
    NO MINVALUE
    NO MAXVALUE
    CACHE 1
);


--
-- Name: auth_group; Type: TABLE; Schema: public; Owner: agro
--

CREATE TABLE public.auth_group (
    id integer NOT NULL,
    name character varying(150) NOT NULL
);


ALTER TABLE public.auth_group OWNER TO agro;

--
-- Name: auth_group_id_seq; Type: SEQUENCE; Schema: public; Owner: agro
--

ALTER TABLE public.auth_group ALTER COLUMN id ADD GENERATED BY DEFAULT AS IDENTITY (
    SEQUENCE NAME public.auth_group_id_seq
    START WITH 1
    INCREMENT BY 1
    NO MINVALUE
    NO MAXVALUE
    CACHE 1
);


--
-- Name: auth_group_permissions; Type: TABLE; Schema: public; Owner: agro
--

CREATE TABLE public.auth_group_permissions (
    id bigint NOT NULL,
    group_id integer NOT NULL,
    permission_id integer NOT NULL
);


ALTER TABLE public.auth_group_permissions OWNER TO agro;

--
-- Name: auth_group_permissions_id_seq; Type: SEQUENCE; Schema: public; Owner: agro
--

ALTER TABLE public.auth_group_permissions ALTER COLUMN id ADD GENERATED BY DEFAULT AS IDENTITY (
    SEQUENCE NAME public.auth_group_permissions_id_seq
    START WITH 1
    INCREMENT BY 1
    NO MINVALUE
    NO MAXVALUE
    CACHE 1
);


--
-- Name: auth_permission; Type: TABLE; Schema: public; Owner: agro
--

CREATE TABLE public.auth_permission (
    id integer NOT NULL,
    name character varying(255) NOT NULL,
    content_type_id integer NOT NULL,
    codename character varying(100) NOT NULL
);


ALTER TABLE public.auth_permission OWNER TO agro;

--
-- Name: auth_permission_id_seq; Type: SEQUENCE; Schema: public; Owner: agro
--

ALTER TABLE public.auth_permission ALTER COLUMN id ADD GENERATED BY DEFAULT AS IDENTITY (
    SEQUENCE NAME public.auth_permission_id_seq
    START WITH 1
    INCREMENT BY 1
    NO MINVALUE
    NO MAXVALUE
    CACHE 1
);


--
-- Name: auth_user; Type: TABLE; Schema: public; Owner: agro
--

CREATE TABLE public.auth_user (
    id integer NOT NULL,
    password character varying(128) NOT NULL,
    last_login timestamp with time zone,
    is_superuser boolean NOT NULL,
    username character varying(150) NOT NULL,
    first_name character varying(150) NOT NULL,
    last_name character varying(150) NOT NULL,
    email character varying(254) NOT NULL,
    is_staff boolean NOT NULL,
    is_active boolean NOT NULL,
    date_joined timestamp with time zone NOT NULL
);


ALTER TABLE public.auth_user OWNER TO agro;

--
-- Name: auth_user_groups; Type: TABLE; Schema: public; Owner: agro
--

CREATE TABLE public.auth_user_groups (
    id bigint NOT NULL,
    user_id integer NOT NULL,
    group_id integer NOT NULL
);


ALTER TABLE public.auth_user_groups OWNER TO agro;

--
-- Name: auth_user_groups_id_seq; Type: SEQUENCE; Schema: public; Owner: agro
--

ALTER TABLE public.auth_user_groups ALTER COLUMN id ADD GENERATED BY DEFAULT AS IDENTITY (
    SEQUENCE NAME public.auth_user_groups_id_seq
    START WITH 1
    INCREMENT BY 1
    NO MINVALUE
    NO MAXVALUE
    CACHE 1
);


--
-- Name: auth_user_id_seq; Type: SEQUENCE; Schema: public; Owner: agro
--

ALTER TABLE public.auth_user ALTER COLUMN id ADD GENERATED BY DEFAULT AS IDENTITY (
    SEQUENCE NAME public.auth_user_id_seq
    START WITH 1
    INCREMENT BY 1
    NO MINVALUE
    NO MAXVALUE
    CACHE 1
);


--
-- Name: auth_user_user_permissions; Type: TABLE; Schema: public; Owner: agro
--

CREATE TABLE public.auth_user_user_permissions (
    id bigint NOT NULL,
    user_id integer NOT NULL,
    permission_id integer NOT NULL
);


ALTER TABLE public.auth_user_user_permissions OWNER TO agro;

--
-- Name: auth_user_user_permissions_id_seq; Type: SEQUENCE; Schema: public; Owner: agro
--

ALTER TABLE public.auth_user_user_permissions ALTER COLUMN id ADD GENERATED BY DEFAULT AS IDENTITY (
    SEQUENCE NAME public.auth_user_user_permissions_id_seq
    START WITH 1
    INCREMENT BY 1
    NO MINVALUE
    NO MAXVALUE
    CACHE 1
);


--
-- Name: django_admin_log; Type: TABLE; Schema: public; Owner: agro
--

CREATE TABLE public.django_admin_log (
    id integer NOT NULL,
    action_time timestamp with time zone NOT NULL,
    object_id text,
    object_repr character varying(200) NOT NULL,
    action_flag smallint NOT NULL,
    change_message text NOT NULL,
    content_type_id integer,
    user_id integer NOT NULL,
    CONSTRAINT django_admin_log_action_flag_check CHECK ((action_flag >= 0))
);


ALTER TABLE public.django_admin_log OWNER TO agro;

--
-- Name: django_admin_log_id_seq; Type: SEQUENCE; Schema: public; Owner: agro
--

ALTER TABLE public.django_admin_log ALTER COLUMN id ADD GENERATED BY DEFAULT AS IDENTITY (
    SEQUENCE NAME public.django_admin_log_id_seq
    START WITH 1
    INCREMENT BY 1
    NO MINVALUE
    NO MAXVALUE
    CACHE 1
);


--
-- Name: django_content_type; Type: TABLE; Schema: public; Owner: agro
--

CREATE TABLE public.django_content_type (
    id integer NOT NULL,
    app_label character varying(100) NOT NULL,
    model character varying(100) NOT NULL
);


ALTER TABLE public.django_content_type OWNER TO agro;

--
-- Name: django_content_type_id_seq; Type: SEQUENCE; Schema: public; Owner: agro
--

ALTER TABLE public.django_content_type ALTER COLUMN id ADD GENERATED BY DEFAULT AS IDENTITY (
    SEQUENCE NAME public.django_content_type_id_seq
    START WITH 1
    INCREMENT BY 1
    NO MINVALUE
    NO MAXVALUE
    CACHE 1
);


--
-- Name: django_migrations; Type: TABLE; Schema: public; Owner: agro
--

CREATE TABLE public.django_migrations (
    id bigint NOT NULL,
    app character varying(255) NOT NULL,
    name character varying(255) NOT NULL,
    applied timestamp with time zone NOT NULL
);


ALTER TABLE public.django_migrations OWNER TO agro;

--
-- Name: django_migrations_id_seq; Type: SEQUENCE; Schema: public; Owner: agro
--

ALTER TABLE public.django_migrations ALTER COLUMN id ADD GENERATED BY DEFAULT AS IDENTITY (
    SEQUENCE NAME public.django_migrations_id_seq
    START WITH 1
    INCREMENT BY 1
    NO MINVALUE
    NO MAXVALUE
    CACHE 1
);


--
-- Name: django_session; Type: TABLE; Schema: public; Owner: agro
--

CREATE TABLE public.django_session (
    session_key character varying(40) NOT NULL,
    session_data text NOT NULL,
    expire_date timestamp with time zone NOT NULL
);


ALTER TABLE public.django_session OWNER TO agro;

--
-- Data for Name: agro_actividad; Type: TABLE DATA; Schema: public; Owner: agro
--

COPY public.agro_actividad (id, nombre) FROM stdin;
\.


--
-- Data for Name: agro_agro_costoprod; Type: TABLE DATA; Schema: public; Owner: agro
--

COPY public.agro_agro_costoprod (id, cultivo_id, sistema_cultivo_id, nombre) FROM stdin;
3	2	1	Soja
\.


--
-- Data for Name: agro_agro_costoprodo; Type: TABLE DATA; Schema: public; Owner: agro
--

COPY public.agro_agro_costoprodo (id, orden, cantidad, precio_unitario, cotizacion, agro_producto_id, especificacion_id, moneda_id, um_id, costo_prod_id) FROM stdin;
3	1	70.0000	12.50	1.000	6	1	1	1	3
4	2	350.0000	3.66	1.000	7	7	1	1	3
5	3	150.0000	3.48	1.000	8	8	1	1	3
6	4	2.0000	39.50	1.000	9	2	1	4	3
7	5	0.0500	815.00	1.000	9	3	1	1	3
8	6	1.2000	52.00	1.000	9	4	1	4	3
9	7	1.5000	54.26	1.000	9	5	1	4	3
10	8	0.5000	235.00	1.000	10	6	1	5	3
11	9	2.0000	39.50	1.000	11	2	1	4	3
12	10	2.0000	82.00	1.000	12	9	1	4	3
14	31	0.1000	140.00	1.000	17	21	1	6	3
15	40	1.2000	100.00	1.000	21	22	1	7	3
16	41	1.0000	140.00	1.000	22	22	1	7	3
17	50	1.0000	1.00	1.000	27	24	1	8	3
20	80	1.0000	6.00	1.000	30	26	1	8	3
21	81	1.0000	5.00	1.000	31	27	1	8	3
22	90	70.0000	1.50	1.000	32	28	1	2	3
23	91	0.0015	2200.00	1.000	33	24	1	9	3
24	92	18.0000	144.00	1.000	34	24	1	2	3
18	60	2.0000	2.00	1.000	28	24	1	8	3
19	70	4.6000	2.00	1.000	29	25	1	8	3
25	30	0.0500	140.00	1.000	16	21	1	6	3
13	11	1.7500	134.00	1.000	13	10	1	4	3
26	12	0.2000	350.00	1.000	14	11	1	4	3
27	13	2.0000	280.00	1.000	14	12	1	4	3
28	14	0.5000	375.55	1.000	14	13	1	4	3
29	15	0.5000	385.95	1.000	14	14	1	4	3
30	16	2.0000	45.69	1.000	14	15	1	4	3
31	17	0.3000	244.00	1.000	14	16	1	4	3
32	18	0.2500	312.60	1.000	15	18	1	4	3
33	19	0.7500	145.00	1.000	15	19	1	4	3
34	20	0.5000	105.00	1.000	15	20	1	4	3
35	32	0.2000	140.00	1.000	18	21	1	6	3
36	33	0.4000	140.00	1.000	19	21	1	6	3
37	34	0.2000	140.00	1.000	20	21	1	6	3
\.


--
-- Data for Name: agro_agro_producto; Type: TABLE DATA; Schema: public; Owner: agro
--

COPY public.agro_agro_producto (id, codigo, descripcion, image, status, add_date, agro_rubro_id, agro_tipo_id) FROM stdin;
17	0000011	Aplicacion desecante	default.jpg	O	2023-04-06 15:13:08-03	3	\N
18	0000012	Fertilizacion de semilla	default.jpg	O	2023-04-06 15:13:31-03	3	\N
19	0000013	Aplicacion de herbicida	default.jpg	O	2023-04-06 15:13:57-03	3	\N
20	0000014	Colheta	default.jpg	O	2023-04-06 15:14:20-03	3	\N
21	0000015	Mecanizacion de desecante	default.jpg	O	2023-04-06 15:14:51-03	4	\N
22	0000016	Mec. Fertilizacion	default.jpg	O	2023-04-06 15:15:28-03	4	\N
23	0000017	Aplic. herbicida +  insecticida	default.jpg	O	2023-04-06 15:16:10-03	4	\N
24	0000018	Aplic. insecticida + Fung.	default.jpg	O	2023-04-06 16:46:05-03	4	\N
25	0000019	Fertilizante de cobertura Mec.	default.jpg	O	2023-04-06 16:46:45-03	4	\N
26	0000020	Colheta mecanica	default.jpg	O	2023-04-06 16:47:50-03	4	\N
28	0000022	Asistencia tecnica	default.jpg	O	2023-04-06 16:48:48-03	6	\N
29	0000023	Seguro de produccion	default.jpg	O	2023-04-06 16:49:13-03	7	\N
30	0000024	Intereses sobre financiamiento	default.jpg	O	2023-04-06 16:49:33-03	8	\N
31	0000025	Intereses sobre capital de giro	default.jpg	O	2023-04-06 16:50:12-03	8	\N
32	0000026	Transporte externo	default.jpg	O	2023-04-06 16:50:34-03	9	\N
33	0000027	Seguro social	default.jpg	O	2023-04-06 16:51:03-03	9	\N
34	0000028	Arrendamiento	default.jpg	O	2023-04-06 16:51:28-03	9	\N
6	00000	Semilla	default.jpg	O	2023-04-06 15:06:23-03	2	4
7	000001	Fertilizante de base	default.jpg	O	2023-04-06 15:06:35-03	2	9
8	0000002	Fertilizante de cobertura	default.jpg	O	2023-04-06 15:07:07-03	2	9
9	0000003	Herbicida desecante	default.jpg	O	2023-04-06 15:07:21-03	2	2
10	0000004	Herbicida pre emergente	default.jpg	O	2023-04-06 15:07:46-03	2	2
11	0000005	Herbicida pos	default.jpg	O	2023-04-06 15:08:11-03	2	2
12	0000006	Fungicida pre plantio	default.jpg	O	2023-04-06 15:08:37-03	2	3
13	0000007	Tratamiento de semilla	default.jpg	O	2023-04-06 15:09:01-03	2	5
14	0000008	Fungicida parte aerea	default.jpg	O	2023-04-06 15:09:55-03	2	3
15	0000009	Insecticida parte aerea	default.jpg	O	2023-04-06 15:10:19-03	2	10
16	0000010	Mano de obra tratamiento semilla	default.jpg	O	2023-04-06 15:11:14-03	3	6
27	0000021	Gastos generales	default.jpg	O	2023-04-06 16:48:16-03	5	8
\.


--
-- Data for Name: agro_agro_rubroprod; Type: TABLE DATA; Schema: public; Owner: agro
--

COPY public.agro_agro_rubroprod (id, nombre, orden, letra) FROM stdin;
2	Componentes	1	A
3	Servicios de mano de obra	2	B
4	Servicios mecanicos	3	C
5	Gastos generales	4	D
6	Asistencia tecnica	5	E
7	Seguro de produccion	6	F
8	Gastos financieros	7	G
9	Gastos de comercializacion	8	H
\.


--
-- Data for Name: agro_agro_tipoprod; Type: TABLE DATA; Schema: public; Owner: agro
--

COPY public.agro_agro_tipoprod (id, nombre) FROM stdin;
2	Herbicidas
3	Fungicida
4	Semilla de soja
5	Tratamiento de semmilla
6	Mano de obra
7	Hora maquina
8	General
9	Fertilizante
10	Insecticida
11	Seguros
12	Costos financieros
13	Gastos de comercializacion
\.


--
-- Data for Name: agro_calendario; Type: TABLE DATA; Schema: public; Owner: agro
--

COPY public.agro_calendario (id, fecha_ini, fecha_final, empresa_id, lote_id, planificacion_id) FROM stdin;
\.


--
-- Data for Name: agro_campo; Type: TABLE DATA; Schema: public; Owner: agro
--

COPY public.agro_campo (id, nombre, empresa_id, descripcion, image, observaciones) FROM stdin;
5	Segundo campo	7	Este es el segundo	campos/IMG_1331.JPG	Tiene observaciones
4	Primer campo	7	Este es el primero que ingresa	campos/IMG_1431.JPG	
7	Este no sale	1	baalalala	default.jpg	
\.


--
-- Data for Name: agro_ciudad; Type: TABLE DATA; Schema: public; Owner: agro
--

COPY public.agro_ciudad (id, nombre, provincia_id) FROM stdin;
1	Ciudad de Buenos Aires	1
2	Pinamar	1
\.


--
-- Data for Name: agro_com; Type: TABLE DATA; Schema: public; Owner: agro
--

COPY public.agro_com (id, descripcion, abreviada, automatico, tipo, signo, empresa_id, num_id) FROM stdin;
\.


--
-- Data for Name: agro_costoprod; Type: TABLE DATA; Schema: public; Owner: agro
--

COPY public.agro_costoprod (id, fecha, nombre, cultivo_id, empresa_id, sistema_cultivo_id) FROM stdin;
1	2023-04-07	Estimacion inicial de la soja	2	7	1
2	2023-04-11	Estimacion de soja para este año	2	7	1
\.


--
-- Data for Name: agro_costoprodo; Type: TABLE DATA; Schema: public; Owner: agro
--

COPY public.agro_costoprodo (id, orden, cantidad, precio_unitario, cotizacion, costo_prod_id, empresa_id, especificacion_id, moneda_id, um_id, origen, producto_id) FROM stdin;
159	92	18.0000	144.00	1.000	1	7	24	1	2	A	34
527	34	0.2000	140.00	1.000	2	7	21	1	6	A	20
528	40	1.2000	100.00	1.000	2	7	22	1	7	A	21
529	41	1.0000	140.00	1.000	2	7	22	1	7	A	22
530	50	1.0000	1.00	1.000	2	7	24	1	8	A	27
531	60	2.0000	2.00	1.000	2	7	24	1	8	A	28
532	70	4.6000	2.00	1.000	2	7	25	1	8	A	29
533	80	1.0000	6.00	1.000	2	7	26	1	8	A	30
534	81	1.0000	5.00	1.000	2	7	27	1	8	A	31
535	90	70.0000	1.50	1.000	2	7	28	1	2	A	32
536	91	0.0015	2200.00	1.000	2	7	24	1	9	A	33
537	92	18.0000	144.00	1.000	2	7	24	1	2	A	34
503	1	70.0000	12.50	1.000	2	7	1	1	1	A	6
505	3	150.0000	3.48	1.000	2	7	8	1	1	A	8
506	4	2.0000	39.50	1.000	2	7	2	1	4	A	9
507	5	0.0500	815.00	1.000	2	7	3	1	1	A	9
508	6	1.2000	52.00	1.000	2	7	4	1	4	A	9
509	7	1.5000	54.26	1.000	2	7	5	1	4	A	9
510	8	0.5000	235.00	1.000	2	7	6	1	5	A	10
511	9	2.0000	39.50	1.000	2	7	2	1	4	A	11
512	10	2.0000	82.00	1.000	2	7	9	1	4	A	12
513	11	1.7500	134.00	1.000	2	7	10	1	4	A	13
514	12	0.2000	350.00	1.000	2	7	11	1	4	A	14
515	13	2.0000	280.00	1.000	2	7	12	1	4	A	14
516	14	0.5000	375.55	1.000	2	7	13	1	4	A	14
517	15	0.5000	385.95	1.000	2	7	14	1	4	A	14
518	16	2.0000	45.69	1.000	2	7	15	1	4	A	14
519	17	0.3000	244.00	1.000	2	7	16	1	4	A	14
520	18	0.2500	312.60	1.000	2	7	18	1	4	A	15
521	19	0.7500	145.00	1.000	2	7	19	1	4	A	15
522	20	0.5000	105.00	1.000	2	7	20	1	4	A	15
523	30	0.0500	140.00	1.000	2	7	21	1	6	A	16
524	31	0.1000	140.00	1.000	2	7	21	1	6	A	17
138	1	70.0000	12.50	1.000	1	7	1	1	1	A	6
139	2	350.0000	3.66	1.000	1	7	7	1	1	A	7
140	3	150.0000	3.48	1.000	1	7	8	1	1	A	8
141	4	2.0000	39.50	1.000	1	7	2	1	4	A	9
142	5	0.0500	815.00	1.000	1	7	3	1	1	A	9
143	6	1.2000	52.00	1.000	1	7	4	1	4	A	9
144	7	1.5000	54.26	1.000	1	7	5	1	4	A	9
145	8	0.5000	235.00	1.000	1	7	6	1	5	A	10
146	9	2.0000	39.50	1.000	1	7	2	1	4	A	11
147	10	2.0000	82.00	1.000	1	7	9	1	4	A	12
148	30	0.0500	140.00	1.000	1	7	21	1	6	A	13
149	31	0.1000	140.00	1.000	1	7	21	1	6	A	17
150	40	1.2000	100.00	1.000	1	7	22	1	7	A	21
151	41	1.0000	140.00	1.000	1	7	22	1	7	A	22
152	50	1.0000	1.00	1.000	1	7	24	1	8	A	27
153	60	1.0000	2.00	1.000	1	7	24	1	8	A	28
154	70	1.0000	4.40	1.000	1	7	25	1	8	A	29
155	80	1.0000	6.00	1.000	1	7	26	1	8	A	30
156	81	1.0000	5.00	1.000	1	7	27	1	8	A	31
157	90	70.0000	1.50	1.000	1	7	28	1	2	A	32
158	91	0.0015	2200.00	1.000	1	7	24	1	9	A	33
525	32	0.2000	140.00	1.000	2	7	21	1	6	A	18
526	33	0.4000	140.00	1.000	2	7	21	1	6	A	19
\.


--
-- Data for Name: agro_cotizacion; Type: TABLE DATA; Schema: public; Owner: agro
--

COPY public.agro_cotizacion (id, fecha, cotizacion, empresa_id, moneda_id) FROM stdin;
\.


--
-- Data for Name: agro_cotizacion_general; Type: TABLE DATA; Schema: public; Owner: agro
--

COPY public.agro_cotizacion_general (id, fecha, cotizacion, moneda_id) FROM stdin;
\.


--
-- Data for Name: agro_cultivo; Type: TABLE DATA; Schema: public; Owner: agro
--

COPY public.agro_cultivo (id, nombre) FROM stdin;
2	Soja
3	Maiz
\.


--
-- Data for Name: agro_deposito; Type: TABLE DATA; Schema: public; Owner: agro
--

COPY public.agro_deposito (id, nombre, direccion, telefono, empresa_id) FROM stdin;
\.


--
-- Data for Name: agro_empresa; Type: TABLE DATA; Schema: public; Owner: agro
--

COPY public.agro_empresa (id, nombre, razon_social, cuit, status, add_date, moneda_id) FROM stdin;
1	Campo S.A.	Campo S.A.	1231231231	O	2023-03-23 14:32:41-03	\N
7	Borrar empresa	borrar s.-a.	24298478932	O	2023-03-28 18:37:27.730834-03	\N
\.


--
-- Data for Name: agro_especificacion; Type: TABLE DATA; Schema: public; Owner: agro
--

COPY public.agro_especificacion (id, descripcion) FROM stdin;
1	lalala
2	pepepepe
\.


--
-- Data for Name: agro_especificacion_tipo; Type: TABLE DATA; Schema: public; Owner: agro
--

COPY public.agro_especificacion_tipo (id, nombre, agro_tipo_id) FROM stdin;
2	Zapp	2
3	Heat	2
4	Select one Pack	2
5	2-4 D	2
6	Zetamax	2
7	05-30-15 Mist	9
8	Clorato de potasio	9
9	Serenade	3
10	Industrial	5
11	Sphere max	3
12	Spot	3
13	Fox xpro	3
14	Alade	3
15	Bravoni 720	3
16	Cypress	3
18	Engeo Pleno 5	10
19	Ciurbix	10
20	Talisman	10
22	Tractor-pulverizador	7
23	Colectora media	7
21	dia-hombre	6
24	General	8
25	Prodagro	11
26	Financiamiento	12
27	capital de giro	12
28	Transporte	13
1	55i57 ipro (Zeus)	4
29	Pioner garompeti	4
\.


--
-- Data for Name: agro_genero; Type: TABLE DATA; Schema: public; Owner: agro
--

COPY public.agro_genero (id, descripcion) FROM stdin;
1	Masculino
2	Femenino
\.


--
-- Data for Name: agro_lote; Type: TABLE DATA; Schema: public; Owner: agro
--

COPY public.agro_lote (id, nombre, ha_totales, ha_productivas, campo_id, image) FROM stdin;
1	Lote 1	100.00	50.00	4	lotes/IMG_1354_2SSWetQ.JPG
2	Pindonga	100.00	20.00	4	lotes/IMG_1352.JPG
\.


--
-- Data for Name: agro_moneda; Type: TABLE DATA; Schema: public; Owner: agro
--

COPY public.agro_moneda (id, nombre, corto) FROM stdin;
1	Pesos	AR$
2	Dolar estadounidense	U$S
\.


--
-- Data for Name: agro_mov; Type: TABLE DATA; Schema: public; Owner: agro
--

COPY public.agro_mov (id, n_suc, n_com, fecha, telefono, com_id, deposito1_id, deposito2_id, empresa_id) FROM stdin;
\.


--
-- Data for Name: agro_movo; Type: TABLE DATA; Schema: public; Owner: agro
--

COPY public.agro_movo (id, o, cantidad, precio_u, mov_id, cotizacion, moneda_id) FROM stdin;
\.


--
-- Data for Name: agro_nacionalidad; Type: TABLE DATA; Schema: public; Owner: agro
--

COPY public.agro_nacionalidad (id, descripcion, pais_id) FROM stdin;
1	Argentina	1
\.


--
-- Data for Name: agro_num; Type: TABLE DATA; Schema: public; Owner: agro
--

COPY public.agro_num (id, descrpcion, numero, empresa_id) FROM stdin;
\.


--
-- Data for Name: agro_pais; Type: TABLE DATA; Schema: public; Owner: agro
--

COPY public.agro_pais (id, nombre) FROM stdin;
1	Argentina
\.


--
-- Data for Name: agro_planificacion; Type: TABLE DATA; Schema: public; Owner: agro
--

COPY public.agro_planificacion (id, desnsidad, profundidad, cultivo_id, empresa_id) FROM stdin;
\.


--
-- Data for Name: agro_plnificacion_insumos; Type: TABLE DATA; Schema: public; Owner: agro
--

COPY public.agro_plnificacion_insumos (id, "Insumo", "Cantidad", empresa_id) FROM stdin;
\.


--
-- Data for Name: agro_producto; Type: TABLE DATA; Schema: public; Owner: agro
--

COPY public.agro_producto (id, codigo, descripcion, image, status, add_date, agro_rubro_id, empresa_id, rubro_id, tipo_id, agro_tipo_id) FROM stdin;
1	0000000112	Semilla de soja muy pija que no la tiene nadie	lotes/IMG_1347.JPG	O	2023-04-11 13:54:19.7312-03	\N	7	2	1	\N
\.


--
-- Data for Name: agro_profile; Type: TABLE DATA; Schema: public; Owner: agro
--

COPY public.agro_profile (id, image, tipo, direccion, direccion2, cp, telefono, celular, documento, fecha_nacimiento, status, add_date, ciudad_id, empresa_id, genero_id, pais_id, provincia_id, tipodoc_id, user_id, nacionalidad_id, observaciones) FROM stdin;
3	profile_pics/avatar.jpg	A	parapapa	papapap	121	1231231	312312	131231231	1971-04-24	A	2023-03-23 14:32:00-03	1	1	1	1	1	1	3	1	\N
9	profile_pics/bank.png	A	Alguna direccion	borrar 123	1111	47298374298	312312	21321321321	2022-12-06	N	2023-03-28 18:37:27.71369-03	2	7	1	1	1	\N	9	1	\N
\.


--
-- Data for Name: agro_provincia; Type: TABLE DATA; Schema: public; Owner: agro
--

COPY public.agro_provincia (id, nombre, pais_id) FROM stdin;
1	Buenos Aires	1
\.


--
-- Data for Name: agro_rubro; Type: TABLE DATA; Schema: public; Owner: agro
--

COPY public.agro_rubro (id, nombre, empresa_id) FROM stdin;
1	Produccion	7
3	Cocecha	7
2	Siembra	7
\.


--
-- Data for Name: agro_sistemacultivo; Type: TABLE DATA; Schema: public; Owner: agro
--

COPY public.agro_sistemacultivo (id, descripcion) FROM stdin;
1	Siembra directa
\.


--
-- Data for Name: agro_tipo; Type: TABLE DATA; Schema: public; Owner: agro
--

COPY public.agro_tipo (id, nombre, empresa_id) FROM stdin;
2	Fertilizante	7
1	Semilla	7
4	Pindonga	7
\.


--
-- Data for Name: agro_tipodoc; Type: TABLE DATA; Schema: public; Owner: agro
--

COPY public.agro_tipodoc (id, descripcion) FROM stdin;
1	DNI
\.


--
-- Data for Name: agro_trazabilidad; Type: TABLE DATA; Schema: public; Owner: agro
--

COPY public.agro_trazabilidad (id, fecha, cantidad, precio_unitario, actividad_id, empresa_id, id_mov_id, lote_id, perfil_id, unidad_medida_id, cotizacion, moneda_id, origen_prod, producto_id) FROM stdin;
\.


--
-- Data for Name: agro_um; Type: TABLE DATA; Schema: public; Owner: agro
--

COPY public.agro_um (id, nombre, abreviado) FROM stdin;
1	Kilogramo	Kg
2	Saco	SC
3	Tonelada	Tn
4	Littro	lt
5	Lata	L
6	dia-hombre	d-h
7	hora tractor	h-t
8	Porcentaje	%
9	RB	RB
\.


--
-- Data for Name: auth_group; Type: TABLE DATA; Schema: public; Owner: agro
--

COPY public.auth_group (id, name) FROM stdin;
\.


--
-- Data for Name: auth_group_permissions; Type: TABLE DATA; Schema: public; Owner: agro
--

COPY public.auth_group_permissions (id, group_id, permission_id) FROM stdin;
\.


--
-- Data for Name: auth_permission; Type: TABLE DATA; Schema: public; Owner: agro
--

COPY public.auth_permission (id, name, content_type_id, codename) FROM stdin;
1	Can add log entry	1	add_logentry
2	Can change log entry	1	change_logentry
3	Can delete log entry	1	delete_logentry
4	Can view log entry	1	view_logentry
5	Can add permission	2	add_permission
6	Can change permission	2	change_permission
7	Can delete permission	2	delete_permission
8	Can view permission	2	view_permission
9	Can add group	3	add_group
10	Can change group	3	change_group
11	Can delete group	3	delete_group
12	Can view group	3	view_group
13	Can add user	4	add_user
14	Can change user	4	change_user
15	Can delete user	4	delete_user
16	Can view user	4	view_user
17	Can add content type	5	add_contenttype
18	Can change content type	5	change_contenttype
19	Can delete content type	5	delete_contenttype
20	Can view content type	5	view_contenttype
21	Can add session	6	add_session
22	Can change session	6	change_session
23	Can delete session	6	delete_session
24	Can view session	6	view_session
25	Can add provincia	7	add_provincia
26	Can change provincia	7	change_provincia
27	Can delete provincia	7	delete_provincia
28	Can view provincia	7	view_provincia
29	Can add nacionalidad	8	add_nacionalidad
30	Can change nacionalidad	8	change_nacionalidad
31	Can delete nacionalidad	8	delete_nacionalidad
32	Can view nacionalidad	8	view_nacionalidad
33	Can add genero	9	add_genero
34	Can change genero	9	change_genero
35	Can delete genero	9	delete_genero
36	Can view genero	9	view_genero
37	Can add empresa	10	add_empresa
38	Can change empresa	10	change_empresa
39	Can delete empresa	10	delete_empresa
40	Can view empresa	10	view_empresa
41	Can add ciudad	11	add_ciudad
42	Can change ciudad	11	change_ciudad
43	Can delete ciudad	11	delete_ciudad
44	Can view ciudad	11	view_ciudad
45	Can add tipodoc	12	add_tipodoc
46	Can change tipodoc	12	change_tipodoc
47	Can delete tipodoc	12	delete_tipodoc
48	Can view tipodoc	12	view_tipodoc
49	Can add profile	13	add_profile
50	Can change profile	13	change_profile
51	Can delete profile	13	delete_profile
52	Can view profile	13	view_profile
53	Can add pais	14	add_pais
54	Can change pais	14	change_pais
55	Can delete pais	14	delete_pais
56	Can view pais	14	view_pais
57	Can add x nacionalidad	15	add_xnacionalidad
58	Can change x nacionalidad	15	change_xnacionalidad
59	Can delete x nacionalidad	15	delete_xnacionalidad
60	Can view x nacionalidad	15	view_xnacionalidad
61	Can add deposito	16	add_deposito
62	Can change deposito	16	change_deposito
63	Can delete deposito	16	delete_deposito
64	Can view deposito	16	view_deposito
65	Can add actividad	17	add_actividad
66	Can change actividad	17	change_actividad
67	Can delete actividad	17	delete_actividad
68	Can view actividad	17	view_actividad
69	Can add plnificacion_ insumos	18	add_plnificacion_insumos
70	Can change plnificacion_ insumos	18	change_plnificacion_insumos
71	Can delete plnificacion_ insumos	18	delete_plnificacion_insumos
72	Can view plnificacion_ insumos	18	view_plnificacion_insumos
73	Can add cultivo	19	add_cultivo
74	Can change cultivo	19	change_cultivo
75	Can delete cultivo	19	delete_cultivo
76	Can view cultivo	19	view_cultivo
77	Can add producto	20	add_producto
78	Can change producto	20	change_producto
79	Can delete producto	20	delete_producto
80	Can view producto	20	view_producto
81	Can add planificacion	21	add_planificacion
82	Can change planificacion	21	change_planificacion
83	Can delete planificacion	21	delete_planificacion
84	Can view planificacion	21	view_planificacion
85	Can add tipo	22	add_tipo
86	Can change tipo	22	change_tipo
87	Can delete tipo	22	delete_tipo
88	Can view tipo	22	view_tipo
89	Can add movo	23	add_movo
90	Can change movo	23	change_movo
91	Can delete movo	23	delete_movo
92	Can view movo	23	view_movo
93	Can add lote	24	add_lote
94	Can change lote	24	change_lote
95	Can delete lote	24	delete_lote
96	Can view lote	24	view_lote
97	Can add calendario	25	add_calendario
98	Can change calendario	25	change_calendario
99	Can delete calendario	25	delete_calendario
100	Can view calendario	25	view_calendario
101	Can add com	26	add_com
102	Can change com	26	change_com
103	Can delete com	26	delete_com
104	Can view com	26	view_com
105	Can add num	27	add_num
106	Can change num	27	change_num
107	Can delete num	27	delete_num
108	Can view num	27	view_num
109	Can add um	28	add_um
110	Can change um	28	change_um
111	Can delete um	28	delete_um
112	Can view um	28	view_um
113	Can add campo	29	add_campo
114	Can change campo	29	change_campo
115	Can delete campo	29	delete_campo
116	Can view campo	29	view_campo
117	Can add rubro	30	add_rubro
118	Can change rubro	30	change_rubro
119	Can delete rubro	30	delete_rubro
120	Can view rubro	30	view_rubro
121	Can add trazabilidad	31	add_trazabilidad
122	Can change trazabilidad	31	change_trazabilidad
123	Can delete trazabilidad	31	delete_trazabilidad
124	Can view trazabilidad	31	view_trazabilidad
125	Can add mov	32	add_mov
126	Can change mov	32	change_mov
127	Can delete mov	32	delete_mov
128	Can view mov	32	view_mov
129	Can add moneda	33	add_moneda
130	Can change moneda	33	change_moneda
131	Can delete moneda	33	delete_moneda
132	Can view moneda	33	view_moneda
133	Can add cotizacion	34	add_cotizacion
134	Can change cotizacion	34	change_cotizacion
135	Can delete cotizacion	34	delete_cotizacion
136	Can view cotizacion	34	view_cotizacion
137	Can add cotizacion_general	35	add_cotizacion_general
138	Can change cotizacion_general	35	change_cotizacion_general
139	Can delete cotizacion_general	35	delete_cotizacion_general
140	Can view cotizacion_general	35	view_cotizacion_general
141	Can add agro_ producto	36	add_agro_producto
142	Can change agro_ producto	36	change_agro_producto
143	Can delete agro_ producto	36	delete_agro_producto
144	Can view agro_ producto	36	view_agro_producto
145	Can add sistema cultivo	37	add_sistemacultivo
146	Can change sistema cultivo	37	change_sistemacultivo
147	Can delete sistema cultivo	37	delete_sistemacultivo
148	Can view sistema cultivo	37	view_sistemacultivo
149	Can add agro_ costo prodo	38	add_agro_costoprodo
150	Can change agro_ costo prodo	38	change_agro_costoprodo
151	Can delete agro_ costo prodo	38	delete_agro_costoprodo
152	Can view agro_ costo prodo	38	view_agro_costoprodo
153	Can add costo prodo	39	add_costoprodo
154	Can change costo prodo	39	change_costoprodo
155	Can delete costo prodo	39	delete_costoprodo
156	Can view costo prodo	39	view_costoprodo
157	Can add especificacion	40	add_especificacion
158	Can change especificacion	40	change_especificacion
159	Can delete especificacion	40	delete_especificacion
160	Can view especificacion	40	view_especificacion
161	Can add agro_ costo prod	41	add_agro_costoprod
162	Can change agro_ costo prod	41	change_agro_costoprod
163	Can delete agro_ costo prod	41	delete_agro_costoprod
164	Can view agro_ costo prod	41	view_agro_costoprod
165	Can add costo prod	42	add_costoprod
166	Can change costo prod	42	change_costoprod
167	Can delete costo prod	42	delete_costoprod
168	Can view costo prod	42	view_costoprod
169	Can add agro_ tipo prod	43	add_agro_tipoprod
170	Can change agro_ tipo prod	43	change_agro_tipoprod
171	Can delete agro_ tipo prod	43	delete_agro_tipoprod
172	Can view agro_ tipo prod	43	view_agro_tipoprod
173	Can add agro_ rubro prod	44	add_agro_rubroprod
174	Can change agro_ rubro prod	44	change_agro_rubroprod
175	Can delete agro_ rubro prod	44	delete_agro_rubroprod
176	Can view agro_ rubro prod	44	view_agro_rubroprod
177	Can add especificacion_tipo	45	add_especificacion_tipo
178	Can change especificacion_tipo	45	change_especificacion_tipo
179	Can delete especificacion_tipo	45	delete_especificacion_tipo
180	Can view especificacion_tipo	45	view_especificacion_tipo
181	Can add x costo prod	46	add_xcostoprod
182	Can change x costo prod	46	change_xcostoprod
183	Can delete x costo prod	46	delete_xcostoprod
184	Can view x costo prod	46	view_xcostoprod
185	Can add x costo prodo	47	add_xcostoprodo
186	Can change x costo prodo	47	change_xcostoprodo
187	Can delete x costo prodo	47	delete_xcostoprodo
188	Can view x costo prodo	47	view_xcostoprodo
189	Can add x producto	48	add_xproducto
190	Can change x producto	48	change_xproducto
191	Can delete x producto	48	delete_xproducto
192	Can view x producto	48	view_xproducto
\.


--
-- Data for Name: auth_user; Type: TABLE DATA; Schema: public; Owner: agro
--

COPY public.auth_user (id, password, last_login, is_superuser, username, first_name, last_name, email, is_staff, is_active, date_joined) FROM stdin;
3	pbkdf2_sha256$390000$MB7af9700bNJyGxCdP6URQ$coSG66ml+aWZC2u3hM0+mxHeJ5R5HTDavthFXxdQjZ0=	2023-04-12 13:08:03.439248-03	t	leo	Leonardo	Rodriguez		t	t	2023-03-23 14:28:18.827449-03
9	pbkdf2_sha256$390000$ZsUkN4WX1SVYK3PVoKFfNf$oq/I3zsQ5M+0JmAk7XFvkf4MpuVFBUmDtdN/0djgpU4=	2023-04-11 13:44:01.632214-03	f	borrar	Borrar	Usuario	leorodriguez71@live.com	f	t	2023-03-28 18:37:27.424805-03
\.


--
-- Data for Name: auth_user_groups; Type: TABLE DATA; Schema: public; Owner: agro
--

COPY public.auth_user_groups (id, user_id, group_id) FROM stdin;
\.


--
-- Data for Name: auth_user_user_permissions; Type: TABLE DATA; Schema: public; Owner: agro
--

COPY public.auth_user_user_permissions (id, user_id, permission_id) FROM stdin;
\.


--
-- Data for Name: django_admin_log; Type: TABLE DATA; Schema: public; Owner: agro
--

COPY public.django_admin_log (id, action_time, object_id, object_repr, action_flag, change_message, content_type_id, user_id) FROM stdin;
3	2023-03-23 14:33:02.1117-03	1	Empresa object (1)	1	[{"added": {}}]	10	3
4	2023-03-23 14:33:41.838451-03	1	Pais object (1)	1	[{"added": {}}]	14	3
5	2023-03-23 14:33:54.133305-03	1	Provincia object (1)	1	[{"added": {}}]	7	3
6	2023-03-23 14:34:06.939639-03	1	Ciudad object (1)	1	[{"added": {}}]	11	3
7	2023-03-23 14:34:25.245079-03	1	Argentina	1	[{"added": {}}]	8	3
8	2023-03-23 14:34:59.997294-03	1	DNI	1	[{"added": {}}]	12	3
9	2023-03-23 14:35:14.523909-03	3	Profile object (3)	1	[{"added": {}}]	13	3
10	2023-03-28 16:00:43.327244-03	4	borrarusuario	3		4	3
11	2023-03-28 16:00:56.611563-03	2	Empresa object (2)	3		10	3
12	2023-03-28 17:53:56.711306-03	5	borrarusuario	3		4	3
13	2023-03-28 17:54:05.651063-03	3	Empresa object (3)	3		10	3
14	2023-03-28 18:11:57.149071-03	6	borrar	3		4	3
15	2023-03-28 18:12:03.971786-03	4	Empresa object (4)	3		10	3
16	2023-03-28 18:14:29.930374-03	7	borrar	3		4	3
17	2023-03-28 18:14:36.699221-03	5	Empresa object (5)	3		10	3
18	2023-03-28 18:16:15.648756-03	8	borrar	3		4	3
19	2023-03-28 18:16:23.660682-03	6	Empresa object (6)	3		10	3
20	2023-03-30 13:11:47.834917-03	1	Masculino	1	[{"added": {}}]	9	3
21	2023-03-30 13:11:51.76341-03	2	Femenino	1	[{"added": {}}]	9	3
22	2023-03-31 17:42:08.340118-03	2	Pinamar	1	[{"added": {}}]	11	3
23	2023-03-31 19:29:05.953995-03	3	Campo object (3)	2	[{"changed": {"fields": ["Empresa"]}}]	29	3
24	2023-03-31 19:29:18.737108-03	3	Campo object (3)	3		29	3
25	2023-03-31 19:29:18.745694-03	2	Campo object (2)	3		29	3
26	2023-03-31 19:29:18.747828-03	1	Campo object (1)	3		29	3
27	2023-04-01 14:55:54.47781-03	7	Este no sale	1	[{"added": {}}]	29	3
28	2023-04-05 13:38:14.579337-03	1	Cultivo object (1)	1	[{"added": {}}]	19	3
29	2023-04-05 13:38:26.262142-03	1	Siembra directa	1	[{"added": {}}]	37	3
30	2023-04-05 20:56:16.959673-03	1	lalala	1	[{"added": {}}]	40	3
31	2023-04-05 20:56:22.907934-03	2	pepepepe	1	[{"added": {}}]	40	3
32	2023-04-05 20:57:33.149895-03	1	Pesos	1	[{"added": {}}]	33	3
33	2023-04-05 20:57:45.51647-03	2	Dolar estadounidense	1	[{"added": {}}]	33	3
34	2023-04-05 20:57:59.523399-03	1	Kilogramo	1	[{"added": {}}]	28	3
35	2023-04-05 20:58:08.804401-03	2	Saco	1	[{"added": {}}]	28	3
36	2023-04-05 20:58:16.756829-03	3	Tonelada	1	[{"added": {}}]	28	3
37	2023-04-06 12:55:10.758314-03	1	dsfsdfsf	3		36	3
38	2023-04-06 13:02:08.391949-03	1	Componentes	1	[{"added": {}}]	43	3
39	2023-04-06 13:04:32.595342-03	2	Semilla de soja	1	[{"added": {}}]	36	3
40	2023-04-06 13:34:43.12115-03	2	Semilla de soja	3		36	3
41	2023-04-06 14:36:40.123314-03	1	Insumos	1	[{"added": {}}]	44	3
42	2023-04-06 14:37:50.062822-03	1	Componentes	3		43	3
43	2023-04-06 14:38:00.463682-03	1	Insumos	3		44	3
44	2023-04-06 14:38:18.692926-03	2	Componentes	1	[{"added": {}}]	44	3
45	2023-04-06 14:38:28.095555-03	3	Servicios de mano de obra	1	[{"added": {}}]	44	3
46	2023-04-06 14:38:37.084342-03	4	Servicios mecanicos	1	[{"added": {}}]	44	3
47	2023-04-06 14:38:47.481064-03	5	Gastos generales	1	[{"added": {}}]	44	3
48	2023-04-06 14:38:56.1474-03	6	Asistencia tecnica	1	[{"added": {}}]	44	3
49	2023-04-06 14:39:06.856368-03	7	Seguro de produccion	1	[{"added": {}}]	44	3
50	2023-04-06 14:39:19.933522-03	8	Gastos financieros	1	[{"added": {}}]	44	3
51	2023-04-06 14:39:37.599391-03	9	Gastos de comercializacion	1	[{"added": {}}]	44	3
52	2023-04-06 14:40:23.867631-03	2	Herbicidas	1	[{"added": {}}]	43	3
53	2023-04-06 14:40:43.60535-03	3	Fungicida	1	[{"added": {}}]	43	3
54	2023-04-06 14:41:35.425576-03	4	Semilla de soja	1	[{"added": {}}]	43	3
55	2023-04-06 14:42:00.159303-03	5	Tratamiento de semmilla	1	[{"added": {}}]	43	3
56	2023-04-06 14:42:25.337623-03	6	Mano de obra	1	[{"added": {}}]	43	3
57	2023-04-06 14:42:46.615508-03	7	Hora maquina	1	[{"added": {}}]	43	3
58	2023-04-06 14:42:58.275114-03	8	General	1	[{"added": {}}]	43	3
59	2023-04-06 14:43:48.690544-03	1	55i57 ipro (Zeus)	1	[{"added": {}}]	45	3
60	2023-04-06 14:44:11.006795-03	2	Zapp	1	[{"added": {}}]	45	3
61	2023-04-06 14:44:22.367028-03	3	Heat	1	[{"added": {}}]	45	3
62	2023-04-06 14:44:38.990742-03	4	Select one Pack	1	[{"added": {}}]	45	3
63	2023-04-06 14:44:58.721559-03	5	2-4 D	1	[{"added": {}}]	45	3
64	2023-04-06 14:45:22.957112-03	6	Zetamax	1	[{"added": {}}]	45	3
65	2023-04-06 14:46:51.392819-03	9	Fertilizante	1	[{"added": {}}]	43	3
66	2023-04-06 14:49:49.5812-03	10	Insecticida	1	[{"added": {}}]	43	3
67	2023-04-06 14:50:48.726669-03	7	05-30-15 Mist	1	[{"added": {}}]	45	3
68	2023-04-06 14:52:15.466856-03	8	Clorato de potasio	1	[{"added": {}}]	45	3
69	2023-04-06 14:52:35.751706-03	9	Serenade	1	[{"added": {}}]	45	3
70	2023-04-06 14:53:08.508263-03	10	Industrial	1	[{"added": {}}]	45	3
71	2023-04-06 14:53:29.538945-03	11	Sphere max	1	[{"added": {}}]	45	3
72	2023-04-06 14:53:46.265336-03	12	Spot	1	[{"added": {}}]	45	3
73	2023-04-06 14:53:58.866404-03	13	Fox xpro	1	[{"added": {}}]	45	3
74	2023-04-06 14:54:10.511136-03	14	Alade	1	[{"added": {}}]	45	3
75	2023-04-06 14:54:23.071787-03	15	Bravoni 720	1	[{"added": {}}]	45	3
76	2023-04-06 14:54:33.02928-03	16	Cypress	1	[{"added": {}}]	45	3
77	2023-04-06 14:54:51.351535-03	17	Engeo Pleno s	1	[{"added": {}}]	45	3
78	2023-04-06 14:55:09.980985-03	17	Engeo Pleno s	3		45	3
79	2023-04-06 14:55:35.355277-03	18	Engeo Pleno 5	1	[{"added": {}}]	45	3
80	2023-04-06 14:55:52.465697-03	19	Ciurbix	1	[{"added": {}}]	45	3
81	2023-04-06 14:56:02.919039-03	20	Talisman	1	[{"added": {}}]	45	3
82	2023-04-06 14:56:32.281429-03	21	dia-hombre	1	[{"added": {}}]	45	3
83	2023-04-06 14:57:16.661764-03	22	Tractor-pulverizador	1	[{"added": {}}]	45	3
84	2023-04-06 14:57:36.119019-03	23	Colectora media	1	[{"added": {}}]	45	3
85	2023-04-06 14:57:50.223821-03	24	General	1	[{"added": {}}]	45	3
86	2023-04-06 14:59:04.517195-03	11	Seguros	1	[{"added": {}}]	43	3
87	2023-04-06 15:00:03.71727-03	3	Semilla de soja	1	[{"added": {}}]	36	3
88	2023-04-06 15:00:59.872584-03	4	Fertilizante de base	1	[{"added": {}}]	36	3
89	2023-04-06 15:02:07.967551-03	5	Fertilizante de cobertura	1	[{"added": {}}]	36	3
90	2023-04-06 15:04:22.29581-03	5	Fertilizante de cobertura	3		36	3
91	2023-04-06 15:04:22.297723-03	4	Fertilizante de base	3		36	3
92	2023-04-06 15:04:22.298807-03	3	Semilla de soja	3		36	3
93	2023-04-06 15:06:34.974202-03	6	Semilla	1	[{"added": {}}]	36	3
94	2023-04-06 15:07:07.92227-03	7	Fertilizante de base	1	[{"added": {}}]	36	3
95	2023-04-06 15:07:21.199627-03	8	Fertilizante de cobertura	1	[{"added": {}}]	36	3
96	2023-04-06 15:07:46.175015-03	9	Herbicida desecante	1	[{"added": {}}]	36	3
97	2023-04-06 15:08:11.746342-03	10	Herbicida pre emergente	1	[{"added": {}}]	36	3
98	2023-04-06 15:08:37.126625-03	11	Herbicida pos	1	[{"added": {}}]	36	3
99	2023-04-06 15:09:01.563735-03	12	Fungicida pre plantio	1	[{"added": {}}]	36	3
100	2023-04-06 15:09:31.034296-03	13	Tratamiento de semilla	1	[{"added": {}}]	36	3
101	2023-04-06 15:10:19.713843-03	14	Fungicida parte aerea	1	[{"added": {}}]	36	3
102	2023-04-06 15:11:14.208081-03	15	Insecticida parte aerea	1	[{"added": {}}]	36	3
103	2023-04-06 15:13:08.421775-03	16	Mano de obra tratamiento semilla	1	[{"added": {}}]	36	3
104	2023-04-06 15:13:31.771066-03	17	Aplicacion desecante	1	[{"added": {}}]	36	3
105	2023-04-06 15:13:57.189529-03	18	Fertilizacion de semilla	1	[{"added": {}}]	36	3
106	2023-04-06 15:14:20.69487-03	19	Aplicacion de herbicida	1	[{"added": {}}]	36	3
107	2023-04-06 15:14:51.661885-03	20	Colheta	1	[{"added": {}}]	36	3
108	2023-04-06 15:15:28.711288-03	21	Mecanizacion de desecante	1	[{"added": {}}]	36	3
109	2023-04-06 15:16:10.248632-03	22	Mec. Fertilizacion	1	[{"added": {}}]	36	3
110	2023-04-06 15:17:08.715311-03	23	Aplic. herbicida +  insecticida	1	[{"added": {}}]	36	3
111	2023-04-06 16:46:45.640448-03	24	Aplic. insecticida + Fung.	1	[{"added": {}}]	36	3
112	2023-04-06 16:47:50.822109-03	25	Fertilizante de cobertura Mec.	1	[{"added": {}}]	36	3
113	2023-04-06 16:48:16.692091-03	26	Colheta mecanica	1	[{"added": {}}]	36	3
114	2023-04-06 16:48:48.024594-03	27	Gastos generales	1	[{"added": {}}]	36	3
115	2023-04-06 16:49:13.839312-03	28	Asistencia tecnica	1	[{"added": {}}]	36	3
116	2023-04-06 16:49:33.461572-03	29	Seguro de produccion	1	[{"added": {}}]	36	3
117	2023-04-06 16:50:12.392219-03	30	Intereses sobre financiamiento	1	[{"added": {}}]	36	3
118	2023-04-06 16:50:34.07119-03	31	Intereses sobre capital de giro	1	[{"added": {}}]	36	3
119	2023-04-06 16:51:03.439593-03	32	Transporte externo	1	[{"added": {}}]	36	3
120	2023-04-06 16:51:28.216233-03	33	Seguro social	1	[{"added": {}}]	36	3
121	2023-04-06 16:51:39.197675-03	34	Arrendamiento	1	[{"added": {}}]	36	3
122	2023-04-06 16:54:47.97045-03	2	Soja	1	[{"added": {}}]	19	3
123	2023-04-06 16:55:02.761836-03	3	Maiz	1	[{"added": {}}]	19	3
124	2023-04-06 16:55:30.584996-03	3	agro_CostoProd object (3)	1	[{"added": {}}]	41	3
125	2023-04-06 16:58:04.85545-03	3	agro_CostoProdo object (3)	1	[{"added": {}}]	38	3
126	2023-04-06 16:59:39.916401-03	4	agro_CostoProdo object (4)	1	[{"added": {}}]	38	3
127	2023-04-07 13:15:50.261098-03	5	agro_CostoProdo object (5)	1	[{"added": {}}]	38	3
128	2023-04-07 13:16:20.528028-03	4	Littro	1	[{"added": {}}]	28	3
129	2023-04-07 13:16:55.46602-03	6	agro_CostoProdo object (6)	1	[{"added": {}}]	38	3
130	2023-04-07 13:18:14.737535-03	7	agro_CostoProdo object (7)	1	[{"added": {}}]	38	3
131	2023-04-07 13:20:05.754458-03	8	agro_CostoProdo object (8)	1	[{"added": {}}]	38	3
132	2023-04-07 13:20:52.468057-03	9	agro_CostoProdo object (9)	1	[{"added": {}}]	38	3
133	2023-04-07 13:21:35.382371-03	5	Lata	1	[{"added": {}}]	28	3
134	2023-04-07 13:22:02.135771-03	10	agro_CostoProdo object (10)	1	[{"added": {}}]	38	3
135	2023-04-07 13:23:09.220619-03	11	agro_CostoProdo object (11)	1	[{"added": {}}]	38	3
136	2023-04-07 13:24:13.888366-03	12	agro_CostoProdo object (12)	1	[{"added": {}}]	38	3
137	2023-04-07 13:25:25.390772-03	6	dia-hombre	1	[{"added": {}}]	28	3
138	2023-04-07 13:26:39.41389-03	13	agro_CostoProdo object (13)	1	[{"added": {}}]	38	3
139	2023-04-07 13:27:54.695989-03	21	dia-hombre	2	[]	45	3
140	2023-04-07 13:28:13.282833-03	14	agro_CostoProdo object (14)	1	[{"added": {}}]	38	3
141	2023-04-07 13:28:24.981915-03	13	agro_CostoProdo object (13)	2	[{"changed": {"fields": ["Agro tipo"]}}]	38	3
142	2023-04-07 13:29:58.568268-03	7	hora tractor	1	[{"added": {}}]	28	3
143	2023-04-07 13:30:37.011912-03	15	agro_CostoProdo object (15)	1	[{"added": {}}]	38	3
144	2023-04-07 13:31:32.998288-03	16	agro_CostoProdo object (16)	1	[{"added": {}}]	38	3
145	2023-04-07 13:32:30.45622-03	8	importe	1	[{"added": {}}]	28	3
146	2023-04-07 13:33:09.908414-03	8	Porcentaje	2	[{"changed": {"fields": ["Nombre", "Abreviado"]}}]	28	3
147	2023-04-07 13:33:42.916827-03	17	agro_CostoProdo object (17)	1	[{"added": {}}]	38	3
148	2023-04-07 13:35:05.056249-03	24	General	2	[]	45	3
149	2023-04-07 13:35:16.696764-03	18	agro_CostoProdo object (18)	1	[{"added": {}}]	38	3
150	2023-04-07 13:36:45.200766-03	18	agro_CostoProdo object (18)	2	[]	38	3
151	2023-04-07 13:38:23.335694-03	25	Prodagro	1	[{"added": {}}]	45	3
152	2023-04-07 13:38:32.52895-03	19	agro_CostoProdo object (19)	1	[{"added": {}}]	38	3
153	2023-04-07 13:40:11.336809-03	12	Costos financieros	1	[{"added": {}}]	43	3
154	2023-04-07 13:41:23.621874-03	26	Financiamiento	1	[{"added": {}}]	45	3
155	2023-04-07 13:41:29.923296-03	20	agro_CostoProdo object (20)	1	[{"added": {}}]	38	3
156	2023-04-07 13:42:14.911188-03	27	capital de giro	1	[{"added": {}}]	45	3
157	2023-04-07 13:42:20.143508-03	21	agro_CostoProdo object (21)	1	[{"added": {}}]	38	3
158	2023-04-07 13:43:11.711217-03	13	Gastos de comercializacion	1	[{"added": {}}]	43	3
159	2023-04-07 13:44:02.571145-03	28	Transporte	1	[{"added": {}}]	45	3
160	2023-04-07 13:44:09.113299-03	22	agro_CostoProdo object (22)	1	[{"added": {}}]	38	3
161	2023-04-07 13:44:53.297775-03	9	RB	1	[{"added": {}}]	28	3
162	2023-04-07 13:46:50.682746-03	23	agro_CostoProdo object (23)	1	[{"added": {}}]	38	3
163	2023-04-07 13:47:44.302176-03	24	agro_CostoProdo object (24)	1	[{"added": {}}]	38	3
164	2023-04-07 14:06:09.431471-03	4	Estimacion inicial de la soja	3		41	3
165	2023-04-07 16:56:07.420066-03	35	caca	1	[{"added": {}}]	20	3
166	2023-04-07 16:56:47.645936-03	35	caca	3		36	3
167	2023-04-07 18:36:15.5666-03	44	CostoProdo object (44)	3		39	3
168	2023-04-07 18:36:15.614878-03	43	CostoProdo object (43)	3		39	3
169	2023-04-07 18:36:15.618809-03	42	CostoProdo object (42)	3		39	3
170	2023-04-07 18:36:15.623097-03	41	CostoProdo object (41)	3		39	3
171	2023-04-07 18:36:15.626571-03	40	CostoProdo object (40)	3		39	3
172	2023-04-07 18:36:15.62959-03	39	CostoProdo object (39)	3		39	3
173	2023-04-07 18:36:15.633744-03	38	CostoProdo object (38)	3		39	3
174	2023-04-07 18:36:15.637541-03	37	CostoProdo object (37)	3		39	3
175	2023-04-07 18:36:15.640949-03	36	CostoProdo object (36)	3		39	3
176	2023-04-07 18:36:15.643513-03	35	CostoProdo object (35)	3		39	3
177	2023-04-07 18:36:15.646121-03	34	CostoProdo object (34)	3		39	3
178	2023-04-07 18:36:15.649115-03	33	CostoProdo object (33)	3		39	3
179	2023-04-07 18:36:15.652422-03	32	CostoProdo object (32)	3		39	3
180	2023-04-07 18:36:15.655807-03	31	CostoProdo object (31)	3		39	3
181	2023-04-07 18:36:15.659827-03	30	CostoProdo object (30)	3		39	3
182	2023-04-07 18:36:15.662386-03	29	CostoProdo object (29)	3		39	3
183	2023-04-07 18:36:15.665522-03	28	CostoProdo object (28)	3		39	3
184	2023-04-07 18:36:15.66889-03	27	CostoProdo object (27)	3		39	3
185	2023-04-07 18:36:15.672748-03	26	CostoProdo object (26)	3		39	3
186	2023-04-07 18:36:15.675775-03	25	CostoProdo object (25)	3		39	3
187	2023-04-07 18:36:15.678688-03	24	CostoProdo object (24)	3		39	3
188	2023-04-07 18:36:15.681464-03	23	CostoProdo object (23)	3		39	3
189	2023-04-07 19:02:10.036214-03	89	CostoProdo object (89)	2	[{"changed": {"fields": ["Producto id"]}}]	39	3
190	2023-04-10 20:05:07.155806-03	6	Semilla	2	[{"changed": {"fields": ["Agro tipo"]}}]	36	3
191	2023-04-10 20:05:19.199642-03	7	Fertilizante de base	2	[{"changed": {"fields": ["Agro tipo"]}}]	36	3
192	2023-04-10 20:05:27.36751-03	8	Fertilizante de cobertura	2	[{"changed": {"fields": ["Agro tipo"]}}]	36	3
193	2023-04-10 20:05:43.102141-03	9	Herbicida desecante	2	[{"changed": {"fields": ["Agro tipo"]}}]	36	3
194	2023-04-10 20:05:53.520097-03	10	Herbicida pre emergente	2	[{"changed": {"fields": ["Agro tipo"]}}]	36	3
195	2023-04-10 20:06:00.913201-03	11	Herbicida pos	2	[{"changed": {"fields": ["Agro tipo"]}}]	36	3
196	2023-04-10 20:06:11.940674-03	12	Fungicida pre plantio	2	[{"changed": {"fields": ["Agro tipo"]}}]	36	3
197	2023-04-10 20:06:20.091495-03	13	Tratamiento de semilla	2	[{"changed": {"fields": ["Agro tipo"]}}]	36	3
198	2023-04-10 20:06:27.967262-03	14	Fungicida parte aerea	2	[{"changed": {"fields": ["Agro tipo"]}}]	36	3
199	2023-04-10 20:06:41.807623-03	15	Insecticida parte aerea	2	[{"changed": {"fields": ["Agro tipo"]}}]	36	3
200	2023-04-10 20:06:57.598929-03	16	Mano de obra tratamiento semilla	2	[{"changed": {"fields": ["Agro tipo"]}}]	36	3
201	2023-04-11 13:51:52.909652-03	1	55i57 ipro (Zeus)	2	[]	45	3
202	2023-04-11 13:52:07.492738-03	29	Pioner garompeti	1	[{"added": {}}]	45	3
203	2023-04-12 13:09:00.724056-03	2	Componentes	2	[{"changed": {"fields": ["Orden"]}}]	44	3
204	2023-04-12 13:09:23.458382-03	3	Servicios de mano de obra	2	[{"changed": {"fields": ["Orden"]}}]	44	3
205	2023-04-12 13:09:31.147678-03	4	Servicios mecanicos	2	[{"changed": {"fields": ["Orden"]}}]	44	3
206	2023-04-12 13:09:39.284379-03	5	Gastos generales	2	[{"changed": {"fields": ["Orden"]}}]	44	3
207	2023-04-12 13:10:02.329295-03	6	Asistencia tecnica	2	[{"changed": {"fields": ["Orden"]}}]	44	3
208	2023-04-12 13:10:11.555404-03	7	Seguro de produccion	2	[{"changed": {"fields": ["Orden"]}}]	44	3
209	2023-04-12 13:10:21.459243-03	8	Gastos financieros	2	[{"changed": {"fields": ["Orden"]}}]	44	3
210	2023-04-12 13:10:40.66739-03	9	Gastos de comercializacion	2	[{"changed": {"fields": ["Orden"]}}]	44	3
211	2023-04-12 13:28:05.776667-03	27	Gastos generales	2	[{"changed": {"fields": ["Agro tipo"]}}]	36	3
212	2023-04-12 13:54:55.147474-03	3	Servicios de mano de obra	2	[{"changed": {"fields": ["Letra"]}}]	44	3
213	2023-04-12 13:55:14.666405-03	4	Servicios mecanicos	2	[{"changed": {"fields": ["Letra"]}}]	44	3
214	2023-04-12 13:55:25.101683-03	5	Gastos generales	2	[{"changed": {"fields": ["Letra"]}}]	44	3
215	2023-04-12 13:55:33.263708-03	6	Asistencia tecnica	2	[{"changed": {"fields": ["Letra"]}}]	44	3
216	2023-04-12 13:55:41.854005-03	7	Seguro de produccion	2	[{"changed": {"fields": ["Letra"]}}]	44	3
217	2023-04-12 13:55:51.197192-03	8	Gastos financieros	2	[{"changed": {"fields": ["Letra"]}}]	44	3
218	2023-04-12 13:56:02.693449-03	9	Gastos de comercializacion	2	[{"changed": {"fields": ["Letra"]}}]	44	3
219	2023-04-12 14:11:27.111649-03	18	60-Soja-Asistencia tecnica	2	[{"changed": {"fields": ["Cantidad"]}}]	38	3
220	2023-04-12 14:12:13.630901-03	19	70-Soja-Seguro de produccion	2	[{"changed": {"fields": ["Cantidad", "Precio unitario"]}}]	38	3
221	2023-04-12 14:40:12.444533-03	19	70-Soja-Seguro de produccion	2	[]	38	3
222	2023-04-12 14:53:36.503523-03	13	11-Soja-Tratamiento de semilla	2	[{"changed": {"fields": ["Orden"]}}]	38	3
223	2023-04-12 14:55:27.192603-03	25	30-Soja-Mano de obra tratamiento semilla	1	[{"added": {}}]	38	3
224	2023-04-12 14:56:23.57954-03	13	11-Soja-Tratamiento de semilla	2	[{"changed": {"fields": ["Um", "Cantidad", "Precio unitario", "Especificacion"]}}]	38	3
225	2023-04-12 18:34:15.136956-03	26	12-Soja-Fungicida parte aerea	1	[{"added": {}}]	38	3
226	2023-04-12 18:35:19.888832-03	27	13-Soja-Fungicida parte aerea	1	[{"added": {}}]	38	3
227	2023-04-12 18:36:13.578697-03	28	14-Soja-Fungicida parte aerea	1	[{"added": {}}]	38	3
228	2023-04-12 18:37:05.229294-03	29	15-Soja-Fungicida parte aerea	1	[{"added": {}}]	38	3
229	2023-04-12 18:37:46.878625-03	30	16-Soja-Fungicida parte aerea	1	[{"added": {}}]	38	3
230	2023-04-12 18:38:44.626207-03	31	17-Soja-Fungicida parte aerea	1	[{"added": {}}]	38	3
231	2023-04-12 18:39:51.03393-03	32	18-Soja-Insecticida parte aerea	1	[{"added": {}}]	38	3
232	2023-04-12 18:40:43.404314-03	33	19-Soja-Insecticida parte aerea	1	[{"added": {}}]	38	3
233	2023-04-12 18:41:27.748058-03	34	20-Soja-Insecticida parte aerea	1	[{"added": {}}]	38	3
234	2023-04-12 18:43:48.510343-03	35	32-Soja-Fertilizacion de semilla	1	[{"added": {}}]	38	3
235	2023-04-12 18:44:57.797605-03	36	33-Soja-Aplicacion de herbicida	1	[{"added": {}}]	38	3
236	2023-04-12 18:45:25.622951-03	37	34-Soja-Colheta	1	[{"added": {}}]	38	3
\.


--
-- Data for Name: django_content_type; Type: TABLE DATA; Schema: public; Owner: agro
--

COPY public.django_content_type (id, app_label, model) FROM stdin;
1	admin	logentry
2	auth	permission
3	auth	group
4	auth	user
5	contenttypes	contenttype
6	sessions	session
7	agro	provincia
8	agro	nacionalidad
9	agro	genero
10	agro	empresa
11	agro	ciudad
12	agro	tipodoc
13	agro	profile
14	agro	pais
15	agro	xnacionalidad
16	agro	deposito
17	agro	actividad
18	agro	plnificacion_insumos
19	agro	cultivo
20	agro	producto
21	agro	planificacion
22	agro	tipo
23	agro	movo
24	agro	lote
25	agro	calendario
26	agro	com
27	agro	num
28	agro	um
29	agro	campo
30	agro	rubro
31	agro	trazabilidad
32	agro	mov
33	agro	moneda
34	agro	cotizacion
35	agro	cotizacion_general
36	agro	agro_producto
37	agro	sistemacultivo
38	agro	agro_costoprodo
39	agro	costoprodo
40	agro	especificacion
41	agro	agro_costoprod
42	agro	costoprod
43	agro	agro_tipoprod
44	agro	agro_rubroprod
45	agro	especificacion_tipo
46	agro	xcostoprod
47	agro	xcostoprodo
48	agro	xproducto
\.


--
-- Data for Name: django_migrations; Type: TABLE DATA; Schema: public; Owner: agro
--

COPY public.django_migrations (id, app, name, applied) FROM stdin;
1	contenttypes	0001_initial	2023-03-22 17:18:02.556266-03
2	auth	0001_initial	2023-03-22 17:18:02.636443-03
3	admin	0001_initial	2023-03-22 17:18:02.659357-03
4	admin	0002_logentry_remove_auto_add	2023-03-22 17:18:02.668943-03
5	admin	0003_logentry_add_action_flag_choices	2023-03-22 17:18:02.680731-03
6	contenttypes	0002_remove_content_type_name	2023-03-22 17:18:02.69909-03
7	auth	0002_alter_permission_name_max_length	2023-03-22 17:18:02.709583-03
8	auth	0003_alter_user_email_max_length	2023-03-22 17:18:02.722446-03
9	auth	0004_alter_user_username_opts	2023-03-22 17:18:02.729824-03
10	auth	0005_alter_user_last_login_null	2023-03-22 17:18:02.742011-03
11	auth	0006_require_contenttypes_0002	2023-03-22 17:18:02.744191-03
12	auth	0007_alter_validators_add_error_messages	2023-03-22 17:18:02.753513-03
13	auth	0008_alter_user_username_max_length	2023-03-22 17:18:02.767174-03
14	auth	0009_alter_user_last_name_max_length	2023-03-22 17:18:02.778381-03
15	auth	0010_alter_group_name_max_length	2023-03-22 17:18:02.79185-03
16	auth	0011_update_proxy_permissions	2023-03-22 17:18:02.801242-03
17	auth	0012_alter_user_first_name_max_length	2023-03-22 17:18:02.811831-03
18	sessions	0001_initial	2023-03-22 17:18:02.824674-03
19	agro	0001_initial	2023-03-23 13:06:48.96823-03
20	agro	0002_xnacionalidad_remove_profile_nacionalidad_and_more	2023-03-23 13:10:15.558228-03
21	agro	0003_nacionalidad_alter_empresa_add_date_and_more	2023-03-23 13:10:47.252161-03
22	agro	0004_alter_empresa_add_date_alter_profile_add_date	2023-03-23 13:11:16.531476-03
23	agro	0005_alter_profile_add_date	2023-03-23 13:12:35.34325-03
24	agro	0006_alter_profile_ciudad_alter_profile_pais_and_more	2023-03-23 14:40:40.690552-03
25	agro	0007_alter_profile_empresa	2023-03-23 14:43:14.34488-03
26	agro	0008_actividad_campo_com_cultivo_deposito_lote_mov_and_more	2023-03-24 12:53:19.748717-03
27	agro	0009_profile_observaciones	2023-03-28 14:49:53.744553-03
28	agro	0010_alter_profile_celular_alter_profile_telefono	2023-03-30 13:53:06.296713-03
29	agro	0011_campo_descripcion	2023-03-31 18:07:42.724522-03
30	agro	0012_campo_image_campo_observaciones	2023-03-31 19:20:15.630346-03
31	agro	0013_alter_campo_image	2023-03-31 19:23:24.822966-03
32	agro	0014_lote_image	2023-04-01 14:31:15.232307-03
33	agro	0015_moneda_movo_cotizacion_trazabilidad_cotizacion_and_more	2023-04-01 16:41:12.073791-03
34	agro	0016_cotizacion_general	2023-04-02 16:40:19.783611-03
35	agro	0017_producto_add_date_producto_image_producto_status	2023-04-02 16:55:19.082409-03
36	agro	0018_rename_nombre_producto_descripcion	2023-04-02 16:58:41.373984-03
37	agro	0019_agro_producto_remove_cultivo_producto_cultivo_and_more	2023-04-04 14:43:58.528498-03
38	agro	0020_trazabilidad_origen_prod_trazabilidad_producto_id_and_more	2023-04-04 15:40:48.678542-03
39	agro	0021_especificacion_sistemacultivo_remove_cultivo_empresa_and_more	2023-04-04 15:54:05.508714-03
40	agro	0022_costoprod_fecha	2023-04-04 21:57:21.124814-03
41	agro	0023_alter_costoprod_fecha	2023-04-05 12:59:18.601232-03
42	agro	0024_rename_nomnbre_moneda_nombre	2023-04-05 20:57:17.654647-03
43	agro	0025_agro_costoprod_nombre	2023-04-06 12:04:37.371222-03
44	agro	0026_agro_tipoprod_agro_producto_agro_tipo	2023-04-06 13:00:52.097127-03
45	agro	0027_remove_agro_producto_rubro_remove_agro_producto_tipo_and_more	2023-04-06 13:03:56.56053-03
46	agro	0028_agro_rubroprod_agro_producto_agro_rubro	2023-04-06 13:34:13.295417-03
47	agro	0029_agro_producto_um	2023-04-06 13:35:44.944797-03
48	agro	0030_especificacion_tipo_agro_producto_especificacion	2023-04-06 14:35:03.116523-03
49	agro	0031_remove_agro_producto_agro_tipo_and_more	2023-04-06 15:06:04.7739-03
50	agro	0032_alter_cultivo_producto_cultivo_and_more	2023-04-06 16:53:18.77346-03
51	agro	0033_remove_cultivo_producto_cultivo_and_more	2023-04-06 16:54:39.15258-03
52	agro	0034_alter_agro_costoprodo_costo_prod	2023-04-06 16:56:25.47328-03
53	agro	0035_alter_agro_costoprodo_cantidad	2023-04-07 13:46:31.086643-03
54	agro	0036_xcostoprod_xcostoprodo_and_more	2023-04-07 16:34:37.843827-03
55	agro	0037_costoprod_costoprodo_and_more	2023-04-07 16:35:13.842885-03
56	agro	0038_remove_costoprodo_agro_producto_costoprodo_origen_and_more	2023-04-07 16:44:29.037398-03
57	agro	0039_xproducto_delete_producto	2023-04-07 17:05:54.515458-03
58	agro	0040_producto_delete_xproducto	2023-04-07 17:06:13.494392-03
59	agro	0041_agro_producto_agro_tipo_producto_agro_tipo	2023-04-10 16:39:26.726084-03
60	agro	0042_remove_agro_costoprodo_agro_tipo_and_more	2023-04-10 16:39:58.105814-03
61	agro	0043_agro_rubroprod_orden	2023-04-12 13:06:19.608699-03
62	agro	0044_agro_rubroprod_letra	2023-04-12 13:41:25.813457-03
\.


--
-- Data for Name: django_session; Type: TABLE DATA; Schema: public; Owner: agro
--

COPY public.django_session (session_key, session_data, expire_date) FROM stdin;
l8t2iernc9ars5oxhq9tz980v6qb35qt	e30:1pfOTr:rfnO4JgnzE3CB6BZ6ONmqzcBlT-PZwyYgYl8CFyv9X4	2023-04-06 14:12:03.323472-03
ofgvqb7ifs56zh7bau7013eemmq73kuo	e30:1pfOUL:q7scAU01f_fi2JjJT9dMCKWoMksXuGKGbFZJN6-VrwM	2023-04-06 14:12:33.569964-03
5m45fadjsitfqfw1vosotapoquj35dym	e30:1pfOUq:57a30n39gv2mY7tgn_GFcUzWYzqicl7x3qvvZTOFRPY	2023-04-06 14:13:04.735839-03
r2ilz48zzmp0ov5lggvajfds4k5qy70k	e30:1pfOa8:Xdy_-9_ZU_PHWmTDn1Asw3RU90P4QAUnWrn189mzoo8	2023-04-06 14:18:32.754915-03
jf5yp8py8o5dggna2m75zkil1l45t2wr	.eJxVjEsOwjAMRO-SNYpSN8QJS_acobLjmBRQK_WzQtydVuoCljPvzbxNR-tSu3UuU9eLuZjWnH47pvwsww7kQcN9tHkclqlnuyv2oLO9jVJe18P9O6g0120NBMQYz8guJuSSRRi8tq2oYAKU6MOWIWPDzhNAcMgaUqMavCKYzxfuUDfd:1pj4OZ:coeSJcdNmmdW3vgcYcpRIyOjV4TS-smvmRSDyapRoUU	2023-04-16 17:33:47.603948-03
q2y47tzafaa63gppxhauh3pe4pv0i30o	.eJxVjEsOwjAMRO-SNYpSN8QJS_acobLjmBRQK_WzQtydVuoCljPvzbxNR-tSu3UuU9eLuZjWnH47pvwsww7kQcN9tHkclqlnuyv2oLO9jVJe18P9O6g0120NBMQYz8guJuSSRRi8tq2oYAKU6MOWIWPDzhNAcMgaUqMavCKYzxfuUDfd:1pkpVO:jUE5f6rxCZYcwyk007-XVTnYLFA1_BF_7pFXpNY7wD8	2023-04-21 14:04:06.998684-03
rwmbjye74o4xkscf16ov7vdogeza0ouy	.eJxVjEsOwjAMRO-SNYpSN8QJS_acobLjmBRQK_WzQtydVuoCljPvzbxNR-tSu3UuU9eLuZjWnH47pvwsww7kQcN9tHkclqlnuyv2oLO9jVJe18P9O6g0120NBMQYz8guJuSSRRi8tq2oYAKU6MOWIWPDzhNAcMgaUqMavCKYzxfuUDfd:1pksAf:mN4LQgZ8sDCh7fztT7_lyFOGqeMtBj4sQN2FJjurV7I	2023-04-21 16:54:53.192242-03
8jgfyrgnphaymw23oku6nmz49vfbu48i	.eJxVjEsOwjAMRO-SNYpSN8QJS_acobLjmBRQK_WzQtydVuoCljPvzbxNR-tSu3UuU9eLuZjWnH47pvwsww7kQcN9tHkclqlnuyv2oLO9jVJe18P9O6g0120NBMQYz8guJuSSRRi8tq2oYAKU6MOWIWPDzhNAcMgaUqMavCKYzxfuUDfd:1pm0YV:aFZLf062r03aVz-OIGrzRkG8kRLRx-2tgEmWRMTvpCQ	2023-04-24 20:04:11.867504-03
u9zepe1uv3govxhe96xdlc12ljefd729	.eJxVjDEOwjAMRe-SGUV2k4aYkZ0zVE7skgJqpaadEHdHkTrA-t97_20G3rcy7FXXYRJzMWROv1vi_NS5AXnwfF9sXuZtnZJtij1otbdF9HU93L-DwrW0OkFH4DlS9ggsTp24c-BegFwXdfSZNAYelRCzMgKK-Eh9AIaIaD5f5UA3mw:1pmH69:q2ftaW8rpMLToWQo-T_nLVZ3QciR1Hdlk7J37t0MYAs	2023-04-25 13:44:01.637728-03
ya2pbmuoyk2o2af7dux0ggh1crlbe2vw	.eJxVjEsOwjAMRO-SNYpSN8QJS_acobLjmBRQK_WzQtydVuoCljPvzbxNR-tSu3UuU9eLuZjWnH47pvwsww7kQcN9tHkclqlnuyv2oLO9jVJe18P9O6g0120NBMQYz8guJuSSRRi8tq2oYAKU6MOWIWPDzhNAcMgaUqMavCKYzxfuUDfd:1pmH7C:S-vEJcF9GfTizAcKIx2efuCkn762O17VmI-5-2_MiYU	2023-04-25 13:45:06.876456-03
rudnrchmzi5n2giblj10hi8o5pbmohz0	.eJxVjEsOwjAMRO-SNYpSN8QJS_acobLjmBRQK_WzQtydVuoCljPvzbxNR-tSu3UuU9eLuZjWnH47pvwsww7kQcN9tHkclqlnuyv2oLO9jVJe18P9O6g0120NBMQYz8guJuSSRRi8tq2oYAKU6MOWIWPDzhNAcMgaUqMavCKYzxfuUDfd:1pmd0t:wstADgRJOn22YgttCO932Bzhk2WTGcpgaMQ_pU36-yk	2023-04-26 13:08:03.445489-03
\.


--
-- Name: agro_actividad_id_seq; Type: SEQUENCE SET; Schema: public; Owner: agro
--

SELECT pg_catalog.setval('public.agro_actividad_id_seq', 1, false);


--
-- Name: agro_agro_costoprod_id_seq; Type: SEQUENCE SET; Schema: public; Owner: agro
--

SELECT pg_catalog.setval('public.agro_agro_costoprod_id_seq', 4, true);


--
-- Name: agro_agro_costoprodo_id_seq; Type: SEQUENCE SET; Schema: public; Owner: agro
--

SELECT pg_catalog.setval('public.agro_agro_costoprodo_id_seq', 37, true);


--
-- Name: agro_agro_producto_id_seq; Type: SEQUENCE SET; Schema: public; Owner: agro
--

SELECT pg_catalog.setval('public.agro_agro_producto_id_seq', 35, true);


--
-- Name: agro_agro_rubroprod_id_seq; Type: SEQUENCE SET; Schema: public; Owner: agro
--

SELECT pg_catalog.setval('public.agro_agro_rubroprod_id_seq', 9, true);


--
-- Name: agro_agro_tipoprod_id_seq; Type: SEQUENCE SET; Schema: public; Owner: agro
--

SELECT pg_catalog.setval('public.agro_agro_tipoprod_id_seq', 13, true);


--
-- Name: agro_calendario_id_seq; Type: SEQUENCE SET; Schema: public; Owner: agro
--

SELECT pg_catalog.setval('public.agro_calendario_id_seq', 1, false);


--
-- Name: agro_campo_id_seq; Type: SEQUENCE SET; Schema: public; Owner: agro
--

SELECT pg_catalog.setval('public.agro_campo_id_seq', 7, true);


--
-- Name: agro_ciudad_id_seq; Type: SEQUENCE SET; Schema: public; Owner: agro
--

SELECT pg_catalog.setval('public.agro_ciudad_id_seq', 2, true);


--
-- Name: agro_com_id_seq; Type: SEQUENCE SET; Schema: public; Owner: agro
--

SELECT pg_catalog.setval('public.agro_com_id_seq', 1, false);


--
-- Name: agro_costoprod_id_seq; Type: SEQUENCE SET; Schema: public; Owner: agro
--

SELECT pg_catalog.setval('public.agro_costoprod_id_seq', 2, true);


--
-- Name: agro_costoprodo_id_seq; Type: SEQUENCE SET; Schema: public; Owner: agro
--

SELECT pg_catalog.setval('public.agro_costoprodo_id_seq', 537, true);


--
-- Name: agro_cotizacion_general_id_seq; Type: SEQUENCE SET; Schema: public; Owner: agro
--

SELECT pg_catalog.setval('public.agro_cotizacion_general_id_seq', 1, false);


--
-- Name: agro_cotizacion_id_seq; Type: SEQUENCE SET; Schema: public; Owner: agro
--

SELECT pg_catalog.setval('public.agro_cotizacion_id_seq', 1, false);


--
-- Name: agro_cultivo_id_seq; Type: SEQUENCE SET; Schema: public; Owner: agro
--

SELECT pg_catalog.setval('public.agro_cultivo_id_seq', 3, true);


--
-- Name: agro_deposito_id_seq; Type: SEQUENCE SET; Schema: public; Owner: agro
--

SELECT pg_catalog.setval('public.agro_deposito_id_seq', 1, false);


--
-- Name: agro_empresa_id_seq; Type: SEQUENCE SET; Schema: public; Owner: agro
--

SELECT pg_catalog.setval('public.agro_empresa_id_seq', 7, true);


--
-- Name: agro_especificacion_id_seq; Type: SEQUENCE SET; Schema: public; Owner: agro
--

SELECT pg_catalog.setval('public.agro_especificacion_id_seq', 2, true);


--
-- Name: agro_especificacion_tipo_id_seq; Type: SEQUENCE SET; Schema: public; Owner: agro
--

SELECT pg_catalog.setval('public.agro_especificacion_tipo_id_seq', 29, true);


--
-- Name: agro_genero_id_seq; Type: SEQUENCE SET; Schema: public; Owner: agro
--

SELECT pg_catalog.setval('public.agro_genero_id_seq', 2, true);


--
-- Name: agro_lote_id_seq; Type: SEQUENCE SET; Schema: public; Owner: agro
--

SELECT pg_catalog.setval('public.agro_lote_id_seq', 2, true);


--
-- Name: agro_moneda_id_seq; Type: SEQUENCE SET; Schema: public; Owner: agro
--

SELECT pg_catalog.setval('public.agro_moneda_id_seq', 2, true);


--
-- Name: agro_mov_id_seq; Type: SEQUENCE SET; Schema: public; Owner: agro
--

SELECT pg_catalog.setval('public.agro_mov_id_seq', 1, false);


--
-- Name: agro_movo_id_seq; Type: SEQUENCE SET; Schema: public; Owner: agro
--

SELECT pg_catalog.setval('public.agro_movo_id_seq', 1, false);


--
-- Name: agro_nacionalidad_id_seq; Type: SEQUENCE SET; Schema: public; Owner: agro
--

SELECT pg_catalog.setval('public.agro_nacionalidad_id_seq', 1, true);


--
-- Name: agro_num_id_seq; Type: SEQUENCE SET; Schema: public; Owner: agro
--

SELECT pg_catalog.setval('public.agro_num_id_seq', 1, false);


--
-- Name: agro_pais_id_seq; Type: SEQUENCE SET; Schema: public; Owner: agro
--

SELECT pg_catalog.setval('public.agro_pais_id_seq', 1, true);


--
-- Name: agro_planificacion_id_seq; Type: SEQUENCE SET; Schema: public; Owner: agro
--

SELECT pg_catalog.setval('public.agro_planificacion_id_seq', 1, false);


--
-- Name: agro_plnificacion_insumos_id_seq; Type: SEQUENCE SET; Schema: public; Owner: agro
--

SELECT pg_catalog.setval('public.agro_plnificacion_insumos_id_seq', 1, false);


--
-- Name: agro_producto_id_seq; Type: SEQUENCE SET; Schema: public; Owner: agro
--

SELECT pg_catalog.setval('public.agro_producto_id_seq', 1, true);


--
-- Name: agro_profile_id_seq; Type: SEQUENCE SET; Schema: public; Owner: agro
--

SELECT pg_catalog.setval('public.agro_profile_id_seq', 9, true);


--
-- Name: agro_provincia_id_seq; Type: SEQUENCE SET; Schema: public; Owner: agro
--

SELECT pg_catalog.setval('public.agro_provincia_id_seq', 1, true);


--
-- Name: agro_rubro_id_seq; Type: SEQUENCE SET; Schema: public; Owner: agro
--

SELECT pg_catalog.setval('public.agro_rubro_id_seq', 3, true);


--
-- Name: agro_sistemacultivo_id_seq; Type: SEQUENCE SET; Schema: public; Owner: agro
--

SELECT pg_catalog.setval('public.agro_sistemacultivo_id_seq', 1, true);


--
-- Name: agro_tipo_id_seq; Type: SEQUENCE SET; Schema: public; Owner: agro
--

SELECT pg_catalog.setval('public.agro_tipo_id_seq', 4, true);


--
-- Name: agro_tipodoc_id_seq; Type: SEQUENCE SET; Schema: public; Owner: agro
--

SELECT pg_catalog.setval('public.agro_tipodoc_id_seq', 1, true);


--
-- Name: agro_trazabilidad_id_seq; Type: SEQUENCE SET; Schema: public; Owner: agro
--

SELECT pg_catalog.setval('public.agro_trazabilidad_id_seq', 1, false);


--
-- Name: agro_um_id_seq; Type: SEQUENCE SET; Schema: public; Owner: agro
--

SELECT pg_catalog.setval('public.agro_um_id_seq', 9, true);


--
-- Name: auth_group_id_seq; Type: SEQUENCE SET; Schema: public; Owner: agro
--

SELECT pg_catalog.setval('public.auth_group_id_seq', 1, false);


--
-- Name: auth_group_permissions_id_seq; Type: SEQUENCE SET; Schema: public; Owner: agro
--

SELECT pg_catalog.setval('public.auth_group_permissions_id_seq', 1, false);


--
-- Name: auth_permission_id_seq; Type: SEQUENCE SET; Schema: public; Owner: agro
--

SELECT pg_catalog.setval('public.auth_permission_id_seq', 192, true);


--
-- Name: auth_user_groups_id_seq; Type: SEQUENCE SET; Schema: public; Owner: agro
--

SELECT pg_catalog.setval('public.auth_user_groups_id_seq', 1, false);


--
-- Name: auth_user_id_seq; Type: SEQUENCE SET; Schema: public; Owner: agro
--

SELECT pg_catalog.setval('public.auth_user_id_seq', 9, true);


--
-- Name: auth_user_user_permissions_id_seq; Type: SEQUENCE SET; Schema: public; Owner: agro
--

SELECT pg_catalog.setval('public.auth_user_user_permissions_id_seq', 1, false);


--
-- Name: django_admin_log_id_seq; Type: SEQUENCE SET; Schema: public; Owner: agro
--

SELECT pg_catalog.setval('public.django_admin_log_id_seq', 236, true);


--
-- Name: django_content_type_id_seq; Type: SEQUENCE SET; Schema: public; Owner: agro
--

SELECT pg_catalog.setval('public.django_content_type_id_seq', 48, true);


--
-- Name: django_migrations_id_seq; Type: SEQUENCE SET; Schema: public; Owner: agro
--

SELECT pg_catalog.setval('public.django_migrations_id_seq', 62, true);


--
-- Name: agro_actividad agro_actividad_pkey; Type: CONSTRAINT; Schema: public; Owner: agro
--

ALTER TABLE ONLY public.agro_actividad
    ADD CONSTRAINT agro_actividad_pkey PRIMARY KEY (id);


--
-- Name: agro_agro_costoprod agro_agro_costoprod_pkey; Type: CONSTRAINT; Schema: public; Owner: agro
--

ALTER TABLE ONLY public.agro_agro_costoprod
    ADD CONSTRAINT agro_agro_costoprod_pkey PRIMARY KEY (id);


--
-- Name: agro_agro_costoprodo agro_agro_costoprodo_pkey; Type: CONSTRAINT; Schema: public; Owner: agro
--

ALTER TABLE ONLY public.agro_agro_costoprodo
    ADD CONSTRAINT agro_agro_costoprodo_pkey PRIMARY KEY (id);


--
-- Name: agro_agro_producto agro_agro_producto_pkey; Type: CONSTRAINT; Schema: public; Owner: agro
--

ALTER TABLE ONLY public.agro_agro_producto
    ADD CONSTRAINT agro_agro_producto_pkey PRIMARY KEY (id);


--
-- Name: agro_agro_rubroprod agro_agro_rubroprod_pkey; Type: CONSTRAINT; Schema: public; Owner: agro
--

ALTER TABLE ONLY public.agro_agro_rubroprod
    ADD CONSTRAINT agro_agro_rubroprod_pkey PRIMARY KEY (id);


--
-- Name: agro_agro_tipoprod agro_agro_tipoprod_pkey; Type: CONSTRAINT; Schema: public; Owner: agro
--

ALTER TABLE ONLY public.agro_agro_tipoprod
    ADD CONSTRAINT agro_agro_tipoprod_pkey PRIMARY KEY (id);


--
-- Name: agro_calendario agro_calendario_pkey; Type: CONSTRAINT; Schema: public; Owner: agro
--

ALTER TABLE ONLY public.agro_calendario
    ADD CONSTRAINT agro_calendario_pkey PRIMARY KEY (id);


--
-- Name: agro_campo agro_campo_pkey; Type: CONSTRAINT; Schema: public; Owner: agro
--

ALTER TABLE ONLY public.agro_campo
    ADD CONSTRAINT agro_campo_pkey PRIMARY KEY (id);


--
-- Name: agro_ciudad agro_ciudad_pkey; Type: CONSTRAINT; Schema: public; Owner: agro
--

ALTER TABLE ONLY public.agro_ciudad
    ADD CONSTRAINT agro_ciudad_pkey PRIMARY KEY (id);


--
-- Name: agro_com agro_com_pkey; Type: CONSTRAINT; Schema: public; Owner: agro
--

ALTER TABLE ONLY public.agro_com
    ADD CONSTRAINT agro_com_pkey PRIMARY KEY (id);


--
-- Name: agro_costoprod agro_costoprod_pkey; Type: CONSTRAINT; Schema: public; Owner: agro
--

ALTER TABLE ONLY public.agro_costoprod
    ADD CONSTRAINT agro_costoprod_pkey PRIMARY KEY (id);


--
-- Name: agro_costoprodo agro_costoprodo_pkey; Type: CONSTRAINT; Schema: public; Owner: agro
--

ALTER TABLE ONLY public.agro_costoprodo
    ADD CONSTRAINT agro_costoprodo_pkey PRIMARY KEY (id);


--
-- Name: agro_cotizacion_general agro_cotizacion_general_pkey; Type: CONSTRAINT; Schema: public; Owner: agro
--

ALTER TABLE ONLY public.agro_cotizacion_general
    ADD CONSTRAINT agro_cotizacion_general_pkey PRIMARY KEY (id);


--
-- Name: agro_cotizacion agro_cotizacion_pkey; Type: CONSTRAINT; Schema: public; Owner: agro
--

ALTER TABLE ONLY public.agro_cotizacion
    ADD CONSTRAINT agro_cotizacion_pkey PRIMARY KEY (id);


--
-- Name: agro_cultivo agro_cultivo_pkey; Type: CONSTRAINT; Schema: public; Owner: agro
--

ALTER TABLE ONLY public.agro_cultivo
    ADD CONSTRAINT agro_cultivo_pkey PRIMARY KEY (id);


--
-- Name: agro_deposito agro_deposito_pkey; Type: CONSTRAINT; Schema: public; Owner: agro
--

ALTER TABLE ONLY public.agro_deposito
    ADD CONSTRAINT agro_deposito_pkey PRIMARY KEY (id);


--
-- Name: agro_empresa agro_empresa_pkey; Type: CONSTRAINT; Schema: public; Owner: agro
--

ALTER TABLE ONLY public.agro_empresa
    ADD CONSTRAINT agro_empresa_pkey PRIMARY KEY (id);


--
-- Name: agro_especificacion agro_especificacion_pkey; Type: CONSTRAINT; Schema: public; Owner: agro
--

ALTER TABLE ONLY public.agro_especificacion
    ADD CONSTRAINT agro_especificacion_pkey PRIMARY KEY (id);


--
-- Name: agro_especificacion_tipo agro_especificacion_tipo_pkey; Type: CONSTRAINT; Schema: public; Owner: agro
--

ALTER TABLE ONLY public.agro_especificacion_tipo
    ADD CONSTRAINT agro_especificacion_tipo_pkey PRIMARY KEY (id);


--
-- Name: agro_genero agro_genero_pkey; Type: CONSTRAINT; Schema: public; Owner: agro
--

ALTER TABLE ONLY public.agro_genero
    ADD CONSTRAINT agro_genero_pkey PRIMARY KEY (id);


--
-- Name: agro_lote agro_lote_pkey; Type: CONSTRAINT; Schema: public; Owner: agro
--

ALTER TABLE ONLY public.agro_lote
    ADD CONSTRAINT agro_lote_pkey PRIMARY KEY (id);


--
-- Name: agro_moneda agro_moneda_pkey; Type: CONSTRAINT; Schema: public; Owner: agro
--

ALTER TABLE ONLY public.agro_moneda
    ADD CONSTRAINT agro_moneda_pkey PRIMARY KEY (id);


--
-- Name: agro_mov agro_mov_pkey; Type: CONSTRAINT; Schema: public; Owner: agro
--

ALTER TABLE ONLY public.agro_mov
    ADD CONSTRAINT agro_mov_pkey PRIMARY KEY (id);


--
-- Name: agro_movo agro_movo_pkey; Type: CONSTRAINT; Schema: public; Owner: agro
--

ALTER TABLE ONLY public.agro_movo
    ADD CONSTRAINT agro_movo_pkey PRIMARY KEY (id);


--
-- Name: agro_nacionalidad agro_nacionalidad_pkey; Type: CONSTRAINT; Schema: public; Owner: agro
--

ALTER TABLE ONLY public.agro_nacionalidad
    ADD CONSTRAINT agro_nacionalidad_pkey PRIMARY KEY (id);


--
-- Name: agro_num agro_num_pkey; Type: CONSTRAINT; Schema: public; Owner: agro
--

ALTER TABLE ONLY public.agro_num
    ADD CONSTRAINT agro_num_pkey PRIMARY KEY (id);


--
-- Name: agro_pais agro_pais_pkey; Type: CONSTRAINT; Schema: public; Owner: agro
--

ALTER TABLE ONLY public.agro_pais
    ADD CONSTRAINT agro_pais_pkey PRIMARY KEY (id);


--
-- Name: agro_planificacion agro_planificacion_pkey; Type: CONSTRAINT; Schema: public; Owner: agro
--

ALTER TABLE ONLY public.agro_planificacion
    ADD CONSTRAINT agro_planificacion_pkey PRIMARY KEY (id);


--
-- Name: agro_plnificacion_insumos agro_plnificacion_insumos_pkey; Type: CONSTRAINT; Schema: public; Owner: agro
--

ALTER TABLE ONLY public.agro_plnificacion_insumos
    ADD CONSTRAINT agro_plnificacion_insumos_pkey PRIMARY KEY (id);


--
-- Name: agro_producto agro_producto_pkey; Type: CONSTRAINT; Schema: public; Owner: agro
--

ALTER TABLE ONLY public.agro_producto
    ADD CONSTRAINT agro_producto_pkey PRIMARY KEY (id);


--
-- Name: agro_profile agro_profile_pkey; Type: CONSTRAINT; Schema: public; Owner: agro
--

ALTER TABLE ONLY public.agro_profile
    ADD CONSTRAINT agro_profile_pkey PRIMARY KEY (id);


--
-- Name: agro_profile agro_profile_user_id_key; Type: CONSTRAINT; Schema: public; Owner: agro
--

ALTER TABLE ONLY public.agro_profile
    ADD CONSTRAINT agro_profile_user_id_key UNIQUE (user_id);


--
-- Name: agro_provincia agro_provincia_pkey; Type: CONSTRAINT; Schema: public; Owner: agro
--

ALTER TABLE ONLY public.agro_provincia
    ADD CONSTRAINT agro_provincia_pkey PRIMARY KEY (id);


--
-- Name: agro_rubro agro_rubro_pkey; Type: CONSTRAINT; Schema: public; Owner: agro
--

ALTER TABLE ONLY public.agro_rubro
    ADD CONSTRAINT agro_rubro_pkey PRIMARY KEY (id);


--
-- Name: agro_sistemacultivo agro_sistemacultivo_pkey; Type: CONSTRAINT; Schema: public; Owner: agro
--

ALTER TABLE ONLY public.agro_sistemacultivo
    ADD CONSTRAINT agro_sistemacultivo_pkey PRIMARY KEY (id);


--
-- Name: agro_tipo agro_tipo_pkey; Type: CONSTRAINT; Schema: public; Owner: agro
--

ALTER TABLE ONLY public.agro_tipo
    ADD CONSTRAINT agro_tipo_pkey PRIMARY KEY (id);


--
-- Name: agro_tipodoc agro_tipodoc_pkey; Type: CONSTRAINT; Schema: public; Owner: agro
--

ALTER TABLE ONLY public.agro_tipodoc
    ADD CONSTRAINT agro_tipodoc_pkey PRIMARY KEY (id);


--
-- Name: agro_trazabilidad agro_trazabilidad_pkey; Type: CONSTRAINT; Schema: public; Owner: agro
--

ALTER TABLE ONLY public.agro_trazabilidad
    ADD CONSTRAINT agro_trazabilidad_pkey PRIMARY KEY (id);


--
-- Name: agro_um agro_um_pkey; Type: CONSTRAINT; Schema: public; Owner: agro
--

ALTER TABLE ONLY public.agro_um
    ADD CONSTRAINT agro_um_pkey PRIMARY KEY (id);


--
-- Name: auth_group auth_group_name_key; Type: CONSTRAINT; Schema: public; Owner: agro
--

ALTER TABLE ONLY public.auth_group
    ADD CONSTRAINT auth_group_name_key UNIQUE (name);


--
-- Name: auth_group_permissions auth_group_permissions_group_id_permission_id_0cd325b0_uniq; Type: CONSTRAINT; Schema: public; Owner: agro
--

ALTER TABLE ONLY public.auth_group_permissions
    ADD CONSTRAINT auth_group_permissions_group_id_permission_id_0cd325b0_uniq UNIQUE (group_id, permission_id);


--
-- Name: auth_group_permissions auth_group_permissions_pkey; Type: CONSTRAINT; Schema: public; Owner: agro
--

ALTER TABLE ONLY public.auth_group_permissions
    ADD CONSTRAINT auth_group_permissions_pkey PRIMARY KEY (id);


--
-- Name: auth_group auth_group_pkey; Type: CONSTRAINT; Schema: public; Owner: agro
--

ALTER TABLE ONLY public.auth_group
    ADD CONSTRAINT auth_group_pkey PRIMARY KEY (id);


--
-- Name: auth_permission auth_permission_content_type_id_codename_01ab375a_uniq; Type: CONSTRAINT; Schema: public; Owner: agro
--

ALTER TABLE ONLY public.auth_permission
    ADD CONSTRAINT auth_permission_content_type_id_codename_01ab375a_uniq UNIQUE (content_type_id, codename);


--
-- Name: auth_permission auth_permission_pkey; Type: CONSTRAINT; Schema: public; Owner: agro
--

ALTER TABLE ONLY public.auth_permission
    ADD CONSTRAINT auth_permission_pkey PRIMARY KEY (id);


--
-- Name: auth_user_groups auth_user_groups_pkey; Type: CONSTRAINT; Schema: public; Owner: agro
--

ALTER TABLE ONLY public.auth_user_groups
    ADD CONSTRAINT auth_user_groups_pkey PRIMARY KEY (id);


--
-- Name: auth_user_groups auth_user_groups_user_id_group_id_94350c0c_uniq; Type: CONSTRAINT; Schema: public; Owner: agro
--

ALTER TABLE ONLY public.auth_user_groups
    ADD CONSTRAINT auth_user_groups_user_id_group_id_94350c0c_uniq UNIQUE (user_id, group_id);


--
-- Name: auth_user auth_user_pkey; Type: CONSTRAINT; Schema: public; Owner: agro
--

ALTER TABLE ONLY public.auth_user
    ADD CONSTRAINT auth_user_pkey PRIMARY KEY (id);


--
-- Name: auth_user_user_permissions auth_user_user_permissions_pkey; Type: CONSTRAINT; Schema: public; Owner: agro
--

ALTER TABLE ONLY public.auth_user_user_permissions
    ADD CONSTRAINT auth_user_user_permissions_pkey PRIMARY KEY (id);


--
-- Name: auth_user_user_permissions auth_user_user_permissions_user_id_permission_id_14a6b632_uniq; Type: CONSTRAINT; Schema: public; Owner: agro
--

ALTER TABLE ONLY public.auth_user_user_permissions
    ADD CONSTRAINT auth_user_user_permissions_user_id_permission_id_14a6b632_uniq UNIQUE (user_id, permission_id);


--
-- Name: auth_user auth_user_username_key; Type: CONSTRAINT; Schema: public; Owner: agro
--

ALTER TABLE ONLY public.auth_user
    ADD CONSTRAINT auth_user_username_key UNIQUE (username);


--
-- Name: django_admin_log django_admin_log_pkey; Type: CONSTRAINT; Schema: public; Owner: agro
--

ALTER TABLE ONLY public.django_admin_log
    ADD CONSTRAINT django_admin_log_pkey PRIMARY KEY (id);


--
-- Name: django_content_type django_content_type_app_label_model_76bd3d3b_uniq; Type: CONSTRAINT; Schema: public; Owner: agro
--

ALTER TABLE ONLY public.django_content_type
    ADD CONSTRAINT django_content_type_app_label_model_76bd3d3b_uniq UNIQUE (app_label, model);


--
-- Name: django_content_type django_content_type_pkey; Type: CONSTRAINT; Schema: public; Owner: agro
--

ALTER TABLE ONLY public.django_content_type
    ADD CONSTRAINT django_content_type_pkey PRIMARY KEY (id);


--
-- Name: django_migrations django_migrations_pkey; Type: CONSTRAINT; Schema: public; Owner: agro
--

ALTER TABLE ONLY public.django_migrations
    ADD CONSTRAINT django_migrations_pkey PRIMARY KEY (id);


--
-- Name: django_session django_session_pkey; Type: CONSTRAINT; Schema: public; Owner: agro
--

ALTER TABLE ONLY public.django_session
    ADD CONSTRAINT django_session_pkey PRIMARY KEY (session_key);


--
-- Name: agro_agro_costoprod_cultivo_id_a98dbf0c; Type: INDEX; Schema: public; Owner: agro
--

CREATE INDEX agro_agro_costoprod_cultivo_id_a98dbf0c ON public.agro_agro_costoprod USING btree (cultivo_id);


--
-- Name: agro_agro_costoprod_sistema_cultivo_id_9e811ba2; Type: INDEX; Schema: public; Owner: agro
--

CREATE INDEX agro_agro_costoprod_sistema_cultivo_id_9e811ba2 ON public.agro_agro_costoprod USING btree (sistema_cultivo_id);


--
-- Name: agro_agro_costoprodo_agro_producto_id_3825beca; Type: INDEX; Schema: public; Owner: agro
--

CREATE INDEX agro_agro_costoprodo_agro_producto_id_3825beca ON public.agro_agro_costoprodo USING btree (agro_producto_id);


--
-- Name: agro_agro_costoprodo_costo_prod_id_4d33e83e; Type: INDEX; Schema: public; Owner: agro
--

CREATE INDEX agro_agro_costoprodo_costo_prod_id_4d33e83e ON public.agro_agro_costoprodo USING btree (costo_prod_id);


--
-- Name: agro_agro_costoprodo_especificacion_id_abc9bf55; Type: INDEX; Schema: public; Owner: agro
--

CREATE INDEX agro_agro_costoprodo_especificacion_id_abc9bf55 ON public.agro_agro_costoprodo USING btree (especificacion_id);


--
-- Name: agro_agro_costoprodo_moneda_id_3240fdd3; Type: INDEX; Schema: public; Owner: agro
--

CREATE INDEX agro_agro_costoprodo_moneda_id_3240fdd3 ON public.agro_agro_costoprodo USING btree (moneda_id);


--
-- Name: agro_agro_costoprodo_um_id_2f8ead57; Type: INDEX; Schema: public; Owner: agro
--

CREATE INDEX agro_agro_costoprodo_um_id_2f8ead57 ON public.agro_agro_costoprodo USING btree (um_id);


--
-- Name: agro_agro_producto_agro_rubro_id_8e6d9a23; Type: INDEX; Schema: public; Owner: agro
--

CREATE INDEX agro_agro_producto_agro_rubro_id_8e6d9a23 ON public.agro_agro_producto USING btree (agro_rubro_id);


--
-- Name: agro_agro_producto_agro_tipo_id_6705417e; Type: INDEX; Schema: public; Owner: agro
--

CREATE INDEX agro_agro_producto_agro_tipo_id_6705417e ON public.agro_agro_producto USING btree (agro_tipo_id);


--
-- Name: agro_calendario_empresa_id_4f309652; Type: INDEX; Schema: public; Owner: agro
--

CREATE INDEX agro_calendario_empresa_id_4f309652 ON public.agro_calendario USING btree (empresa_id);


--
-- Name: agro_calendario_lote_id_063d81cb; Type: INDEX; Schema: public; Owner: agro
--

CREATE INDEX agro_calendario_lote_id_063d81cb ON public.agro_calendario USING btree (lote_id);


--
-- Name: agro_calendario_planificacion_id_f830d58e; Type: INDEX; Schema: public; Owner: agro
--

CREATE INDEX agro_calendario_planificacion_id_f830d58e ON public.agro_calendario USING btree (planificacion_id);


--
-- Name: agro_campo_empresa_id_a45b165d; Type: INDEX; Schema: public; Owner: agro
--

CREATE INDEX agro_campo_empresa_id_a45b165d ON public.agro_campo USING btree (empresa_id);


--
-- Name: agro_ciudad_provincia_id_6a31b255; Type: INDEX; Schema: public; Owner: agro
--

CREATE INDEX agro_ciudad_provincia_id_6a31b255 ON public.agro_ciudad USING btree (provincia_id);


--
-- Name: agro_com_empresa_id_0fac3f7f; Type: INDEX; Schema: public; Owner: agro
--

CREATE INDEX agro_com_empresa_id_0fac3f7f ON public.agro_com USING btree (empresa_id);


--
-- Name: agro_com_num_id_4a9b3c63; Type: INDEX; Schema: public; Owner: agro
--

CREATE INDEX agro_com_num_id_4a9b3c63 ON public.agro_com USING btree (num_id);


--
-- Name: agro_costoprod_cultivo_id_9b5df605; Type: INDEX; Schema: public; Owner: agro
--

CREATE INDEX agro_costoprod_cultivo_id_9b5df605 ON public.agro_costoprod USING btree (cultivo_id);


--
-- Name: agro_costoprod_empresa_id_5c64ad1c; Type: INDEX; Schema: public; Owner: agro
--

CREATE INDEX agro_costoprod_empresa_id_5c64ad1c ON public.agro_costoprod USING btree (empresa_id);


--
-- Name: agro_costoprod_sistema_cultivo_id_22d99870; Type: INDEX; Schema: public; Owner: agro
--

CREATE INDEX agro_costoprod_sistema_cultivo_id_22d99870 ON public.agro_costoprod USING btree (sistema_cultivo_id);


--
-- Name: agro_costoprodo_costo_prod_id_a63715ec; Type: INDEX; Schema: public; Owner: agro
--

CREATE INDEX agro_costoprodo_costo_prod_id_a63715ec ON public.agro_costoprodo USING btree (costo_prod_id);


--
-- Name: agro_costoprodo_empresa_id_d883a53f; Type: INDEX; Schema: public; Owner: agro
--

CREATE INDEX agro_costoprodo_empresa_id_d883a53f ON public.agro_costoprodo USING btree (empresa_id);


--
-- Name: agro_costoprodo_especificacion_id_93f862ed; Type: INDEX; Schema: public; Owner: agro
--

CREATE INDEX agro_costoprodo_especificacion_id_93f862ed ON public.agro_costoprodo USING btree (especificacion_id);


--
-- Name: agro_costoprodo_moneda_id_85345039; Type: INDEX; Schema: public; Owner: agro
--

CREATE INDEX agro_costoprodo_moneda_id_85345039 ON public.agro_costoprodo USING btree (moneda_id);


--
-- Name: agro_costoprodo_um_id_7031100c; Type: INDEX; Schema: public; Owner: agro
--

CREATE INDEX agro_costoprodo_um_id_7031100c ON public.agro_costoprodo USING btree (um_id);


--
-- Name: agro_cotizacion_empresa_id_6b29a354; Type: INDEX; Schema: public; Owner: agro
--

CREATE INDEX agro_cotizacion_empresa_id_6b29a354 ON public.agro_cotizacion USING btree (empresa_id);


--
-- Name: agro_cotizacion_general_moneda_id_8c5c178e; Type: INDEX; Schema: public; Owner: agro
--

CREATE INDEX agro_cotizacion_general_moneda_id_8c5c178e ON public.agro_cotizacion_general USING btree (moneda_id);


--
-- Name: agro_cotizacion_moneda_id_cab18ebe; Type: INDEX; Schema: public; Owner: agro
--

CREATE INDEX agro_cotizacion_moneda_id_cab18ebe ON public.agro_cotizacion USING btree (moneda_id);


--
-- Name: agro_deposito_empresa_id_bf6c22f5; Type: INDEX; Schema: public; Owner: agro
--

CREATE INDEX agro_deposito_empresa_id_bf6c22f5 ON public.agro_deposito USING btree (empresa_id);


--
-- Name: agro_empresa_moneda_id_451b551b; Type: INDEX; Schema: public; Owner: agro
--

CREATE INDEX agro_empresa_moneda_id_451b551b ON public.agro_empresa USING btree (moneda_id);


--
-- Name: agro_especificacion_tipo_agro_tipo_id_ead961b2; Type: INDEX; Schema: public; Owner: agro
--

CREATE INDEX agro_especificacion_tipo_agro_tipo_id_ead961b2 ON public.agro_especificacion_tipo USING btree (agro_tipo_id);


--
-- Name: agro_lote_campo_id_5ec0c2b3; Type: INDEX; Schema: public; Owner: agro
--

CREATE INDEX agro_lote_campo_id_5ec0c2b3 ON public.agro_lote USING btree (campo_id);


--
-- Name: agro_mov_com_id_54a7722a; Type: INDEX; Schema: public; Owner: agro
--

CREATE INDEX agro_mov_com_id_54a7722a ON public.agro_mov USING btree (com_id);


--
-- Name: agro_mov_deposito1_id_9bbdfed6; Type: INDEX; Schema: public; Owner: agro
--

CREATE INDEX agro_mov_deposito1_id_9bbdfed6 ON public.agro_mov USING btree (deposito1_id);


--
-- Name: agro_mov_deposito2_id_081a2e1f; Type: INDEX; Schema: public; Owner: agro
--

CREATE INDEX agro_mov_deposito2_id_081a2e1f ON public.agro_mov USING btree (deposito2_id);


--
-- Name: agro_mov_empresa_id_15eb4447; Type: INDEX; Schema: public; Owner: agro
--

CREATE INDEX agro_mov_empresa_id_15eb4447 ON public.agro_mov USING btree (empresa_id);


--
-- Name: agro_movo_moneda_id_c238a7ee; Type: INDEX; Schema: public; Owner: agro
--

CREATE INDEX agro_movo_moneda_id_c238a7ee ON public.agro_movo USING btree (moneda_id);


--
-- Name: agro_movo_mov_id_145ac8c0; Type: INDEX; Schema: public; Owner: agro
--

CREATE INDEX agro_movo_mov_id_145ac8c0 ON public.agro_movo USING btree (mov_id);


--
-- Name: agro_nacionalidad_pais_id_f786151d; Type: INDEX; Schema: public; Owner: agro
--

CREATE INDEX agro_nacionalidad_pais_id_f786151d ON public.agro_nacionalidad USING btree (pais_id);


--
-- Name: agro_num_empresa_id_6cb003d0; Type: INDEX; Schema: public; Owner: agro
--

CREATE INDEX agro_num_empresa_id_6cb003d0 ON public.agro_num USING btree (empresa_id);


--
-- Name: agro_planificacion_cultivo_id_90380377; Type: INDEX; Schema: public; Owner: agro
--

CREATE INDEX agro_planificacion_cultivo_id_90380377 ON public.agro_planificacion USING btree (cultivo_id);


--
-- Name: agro_planificacion_empresa_id_5acc534b; Type: INDEX; Schema: public; Owner: agro
--

CREATE INDEX agro_planificacion_empresa_id_5acc534b ON public.agro_planificacion USING btree (empresa_id);


--
-- Name: agro_plnificacion_insumos_empresa_id_33e00536; Type: INDEX; Schema: public; Owner: agro
--

CREATE INDEX agro_plnificacion_insumos_empresa_id_33e00536 ON public.agro_plnificacion_insumos USING btree (empresa_id);


--
-- Name: agro_producto_agro_rubro_id_f392f9df; Type: INDEX; Schema: public; Owner: agro
--

CREATE INDEX agro_producto_agro_rubro_id_f392f9df ON public.agro_producto USING btree (agro_rubro_id);


--
-- Name: agro_producto_agro_tipo_id_2686e531; Type: INDEX; Schema: public; Owner: agro
--

CREATE INDEX agro_producto_agro_tipo_id_2686e531 ON public.agro_producto USING btree (agro_tipo_id);


--
-- Name: agro_producto_empresa_id_c8301cb9; Type: INDEX; Schema: public; Owner: agro
--

CREATE INDEX agro_producto_empresa_id_c8301cb9 ON public.agro_producto USING btree (empresa_id);


--
-- Name: agro_producto_rubro_id_ca8f274b; Type: INDEX; Schema: public; Owner: agro
--

CREATE INDEX agro_producto_rubro_id_ca8f274b ON public.agro_producto USING btree (rubro_id);


--
-- Name: agro_producto_tipo_id_bfb1dce1; Type: INDEX; Schema: public; Owner: agro
--

CREATE INDEX agro_producto_tipo_id_bfb1dce1 ON public.agro_producto USING btree (tipo_id);


--
-- Name: agro_profile_ciudad_id_99164f5f; Type: INDEX; Schema: public; Owner: agro
--

CREATE INDEX agro_profile_ciudad_id_99164f5f ON public.agro_profile USING btree (ciudad_id);


--
-- Name: agro_profile_empresa_id_35d51947; Type: INDEX; Schema: public; Owner: agro
--

CREATE INDEX agro_profile_empresa_id_35d51947 ON public.agro_profile USING btree (empresa_id);


--
-- Name: agro_profile_genero_id_2ba82feb; Type: INDEX; Schema: public; Owner: agro
--

CREATE INDEX agro_profile_genero_id_2ba82feb ON public.agro_profile USING btree (genero_id);


--
-- Name: agro_profile_nacionalidad_id_73e6d322; Type: INDEX; Schema: public; Owner: agro
--

CREATE INDEX agro_profile_nacionalidad_id_73e6d322 ON public.agro_profile USING btree (nacionalidad_id);


--
-- Name: agro_profile_pais_id_b2f7b1bb; Type: INDEX; Schema: public; Owner: agro
--

CREATE INDEX agro_profile_pais_id_b2f7b1bb ON public.agro_profile USING btree (pais_id);


--
-- Name: agro_profile_provincia_id_05767243; Type: INDEX; Schema: public; Owner: agro
--

CREATE INDEX agro_profile_provincia_id_05767243 ON public.agro_profile USING btree (provincia_id);


--
-- Name: agro_profile_tipodoc_id_c9d9d221; Type: INDEX; Schema: public; Owner: agro
--

CREATE INDEX agro_profile_tipodoc_id_c9d9d221 ON public.agro_profile USING btree (tipodoc_id);


--
-- Name: agro_provincia_pais_id_94c9ea0b; Type: INDEX; Schema: public; Owner: agro
--

CREATE INDEX agro_provincia_pais_id_94c9ea0b ON public.agro_provincia USING btree (pais_id);


--
-- Name: agro_rubro_empresa_id_22145c9c; Type: INDEX; Schema: public; Owner: agro
--

CREATE INDEX agro_rubro_empresa_id_22145c9c ON public.agro_rubro USING btree (empresa_id);


--
-- Name: agro_tipo_empresa_id_1d8f57ee; Type: INDEX; Schema: public; Owner: agro
--

CREATE INDEX agro_tipo_empresa_id_1d8f57ee ON public.agro_tipo USING btree (empresa_id);


--
-- Name: agro_trazabilidad_actividad_id_1dde34b7; Type: INDEX; Schema: public; Owner: agro
--

CREATE INDEX agro_trazabilidad_actividad_id_1dde34b7 ON public.agro_trazabilidad USING btree (actividad_id);


--
-- Name: agro_trazabilidad_empresa_id_e6c68821; Type: INDEX; Schema: public; Owner: agro
--

CREATE INDEX agro_trazabilidad_empresa_id_e6c68821 ON public.agro_trazabilidad USING btree (empresa_id);


--
-- Name: agro_trazabilidad_id_mov_id_d307e941; Type: INDEX; Schema: public; Owner: agro
--

CREATE INDEX agro_trazabilidad_id_mov_id_d307e941 ON public.agro_trazabilidad USING btree (id_mov_id);


--
-- Name: agro_trazabilidad_lote_id_a193a37c; Type: INDEX; Schema: public; Owner: agro
--

CREATE INDEX agro_trazabilidad_lote_id_a193a37c ON public.agro_trazabilidad USING btree (lote_id);


--
-- Name: agro_trazabilidad_moneda_id_5d31bc8f; Type: INDEX; Schema: public; Owner: agro
--

CREATE INDEX agro_trazabilidad_moneda_id_5d31bc8f ON public.agro_trazabilidad USING btree (moneda_id);


--
-- Name: agro_trazabilidad_perfil_id_4e64a66f; Type: INDEX; Schema: public; Owner: agro
--

CREATE INDEX agro_trazabilidad_perfil_id_4e64a66f ON public.agro_trazabilidad USING btree (perfil_id);


--
-- Name: agro_trazabilidad_unidad_medida_id_33ac3c43; Type: INDEX; Schema: public; Owner: agro
--

CREATE INDEX agro_trazabilidad_unidad_medida_id_33ac3c43 ON public.agro_trazabilidad USING btree (unidad_medida_id);


--
-- Name: auth_group_name_a6ea08ec_like; Type: INDEX; Schema: public; Owner: agro
--

CREATE INDEX auth_group_name_a6ea08ec_like ON public.auth_group USING btree (name varchar_pattern_ops);


--
-- Name: auth_group_permissions_group_id_b120cbf9; Type: INDEX; Schema: public; Owner: agro
--

CREATE INDEX auth_group_permissions_group_id_b120cbf9 ON public.auth_group_permissions USING btree (group_id);


--
-- Name: auth_group_permissions_permission_id_84c5c92e; Type: INDEX; Schema: public; Owner: agro
--

CREATE INDEX auth_group_permissions_permission_id_84c5c92e ON public.auth_group_permissions USING btree (permission_id);


--
-- Name: auth_permission_content_type_id_2f476e4b; Type: INDEX; Schema: public; Owner: agro
--

CREATE INDEX auth_permission_content_type_id_2f476e4b ON public.auth_permission USING btree (content_type_id);


--
-- Name: auth_user_groups_group_id_97559544; Type: INDEX; Schema: public; Owner: agro
--

CREATE INDEX auth_user_groups_group_id_97559544 ON public.auth_user_groups USING btree (group_id);


--
-- Name: auth_user_groups_user_id_6a12ed8b; Type: INDEX; Schema: public; Owner: agro
--

CREATE INDEX auth_user_groups_user_id_6a12ed8b ON public.auth_user_groups USING btree (user_id);


--
-- Name: auth_user_user_permissions_permission_id_1fbb5f2c; Type: INDEX; Schema: public; Owner: agro
--

CREATE INDEX auth_user_user_permissions_permission_id_1fbb5f2c ON public.auth_user_user_permissions USING btree (permission_id);


--
-- Name: auth_user_user_permissions_user_id_a95ead1b; Type: INDEX; Schema: public; Owner: agro
--

CREATE INDEX auth_user_user_permissions_user_id_a95ead1b ON public.auth_user_user_permissions USING btree (user_id);


--
-- Name: auth_user_username_6821ab7c_like; Type: INDEX; Schema: public; Owner: agro
--

CREATE INDEX auth_user_username_6821ab7c_like ON public.auth_user USING btree (username varchar_pattern_ops);


--
-- Name: django_admin_log_content_type_id_c4bce8eb; Type: INDEX; Schema: public; Owner: agro
--

CREATE INDEX django_admin_log_content_type_id_c4bce8eb ON public.django_admin_log USING btree (content_type_id);


--
-- Name: django_admin_log_user_id_c564eba6; Type: INDEX; Schema: public; Owner: agro
--

CREATE INDEX django_admin_log_user_id_c564eba6 ON public.django_admin_log USING btree (user_id);


--
-- Name: django_session_expire_date_a5c62663; Type: INDEX; Schema: public; Owner: agro
--

CREATE INDEX django_session_expire_date_a5c62663 ON public.django_session USING btree (expire_date);


--
-- Name: django_session_session_key_c0390e0f_like; Type: INDEX; Schema: public; Owner: agro
--

CREATE INDEX django_session_session_key_c0390e0f_like ON public.django_session USING btree (session_key varchar_pattern_ops);


--
-- Name: agro_agro_costoprod agro_agro_costoprod_cultivo_id_a98dbf0c_fk_agro_cultivo_id; Type: FK CONSTRAINT; Schema: public; Owner: agro
--

ALTER TABLE ONLY public.agro_agro_costoprod
    ADD CONSTRAINT agro_agro_costoprod_cultivo_id_a98dbf0c_fk_agro_cultivo_id FOREIGN KEY (cultivo_id) REFERENCES public.agro_cultivo(id) DEFERRABLE INITIALLY DEFERRED;


--
-- Name: agro_agro_costoprod agro_agro_costoprod_sistema_cultivo_id_9e811ba2_fk_agro_sist; Type: FK CONSTRAINT; Schema: public; Owner: agro
--

ALTER TABLE ONLY public.agro_agro_costoprod
    ADD CONSTRAINT agro_agro_costoprod_sistema_cultivo_id_9e811ba2_fk_agro_sist FOREIGN KEY (sistema_cultivo_id) REFERENCES public.agro_sistemacultivo(id) DEFERRABLE INITIALLY DEFERRED;


--
-- Name: agro_agro_costoprodo agro_agro_costoprodo_agro_producto_id_3825beca_fk_agro_agro; Type: FK CONSTRAINT; Schema: public; Owner: agro
--

ALTER TABLE ONLY public.agro_agro_costoprodo
    ADD CONSTRAINT agro_agro_costoprodo_agro_producto_id_3825beca_fk_agro_agro FOREIGN KEY (agro_producto_id) REFERENCES public.agro_agro_producto(id) DEFERRABLE INITIALLY DEFERRED;


--
-- Name: agro_agro_costoprodo agro_agro_costoprodo_costo_prod_id_4d33e83e_fk_agro_agro; Type: FK CONSTRAINT; Schema: public; Owner: agro
--

ALTER TABLE ONLY public.agro_agro_costoprodo
    ADD CONSTRAINT agro_agro_costoprodo_costo_prod_id_4d33e83e_fk_agro_agro FOREIGN KEY (costo_prod_id) REFERENCES public.agro_agro_costoprod(id) DEFERRABLE INITIALLY DEFERRED;


--
-- Name: agro_agro_costoprodo agro_agro_costoprodo_especificacion_id_abc9bf55_fk_agro_espe; Type: FK CONSTRAINT; Schema: public; Owner: agro
--

ALTER TABLE ONLY public.agro_agro_costoprodo
    ADD CONSTRAINT agro_agro_costoprodo_especificacion_id_abc9bf55_fk_agro_espe FOREIGN KEY (especificacion_id) REFERENCES public.agro_especificacion_tipo(id) DEFERRABLE INITIALLY DEFERRED;


--
-- Name: agro_agro_costoprodo agro_agro_costoprodo_moneda_id_3240fdd3_fk_agro_moneda_id; Type: FK CONSTRAINT; Schema: public; Owner: agro
--

ALTER TABLE ONLY public.agro_agro_costoprodo
    ADD CONSTRAINT agro_agro_costoprodo_moneda_id_3240fdd3_fk_agro_moneda_id FOREIGN KEY (moneda_id) REFERENCES public.agro_moneda(id) DEFERRABLE INITIALLY DEFERRED;


--
-- Name: agro_agro_costoprodo agro_agro_costoprodo_um_id_2f8ead57_fk_agro_um_id; Type: FK CONSTRAINT; Schema: public; Owner: agro
--

ALTER TABLE ONLY public.agro_agro_costoprodo
    ADD CONSTRAINT agro_agro_costoprodo_um_id_2f8ead57_fk_agro_um_id FOREIGN KEY (um_id) REFERENCES public.agro_um(id) DEFERRABLE INITIALLY DEFERRED;


--
-- Name: agro_agro_producto agro_agro_producto_agro_rubro_id_8e6d9a23_fk_agro_agro; Type: FK CONSTRAINT; Schema: public; Owner: agro
--

ALTER TABLE ONLY public.agro_agro_producto
    ADD CONSTRAINT agro_agro_producto_agro_rubro_id_8e6d9a23_fk_agro_agro FOREIGN KEY (agro_rubro_id) REFERENCES public.agro_agro_rubroprod(id) DEFERRABLE INITIALLY DEFERRED;


--
-- Name: agro_agro_producto agro_agro_producto_agro_tipo_id_6705417e_fk_agro_agro; Type: FK CONSTRAINT; Schema: public; Owner: agro
--

ALTER TABLE ONLY public.agro_agro_producto
    ADD CONSTRAINT agro_agro_producto_agro_tipo_id_6705417e_fk_agro_agro FOREIGN KEY (agro_tipo_id) REFERENCES public.agro_agro_tipoprod(id) DEFERRABLE INITIALLY DEFERRED;


--
-- Name: agro_calendario agro_calendario_empresa_id_4f309652_fk_agro_empresa_id; Type: FK CONSTRAINT; Schema: public; Owner: agro
--

ALTER TABLE ONLY public.agro_calendario
    ADD CONSTRAINT agro_calendario_empresa_id_4f309652_fk_agro_empresa_id FOREIGN KEY (empresa_id) REFERENCES public.agro_empresa(id) DEFERRABLE INITIALLY DEFERRED;


--
-- Name: agro_calendario agro_calendario_lote_id_063d81cb_fk_agro_lote_id; Type: FK CONSTRAINT; Schema: public; Owner: agro
--

ALTER TABLE ONLY public.agro_calendario
    ADD CONSTRAINT agro_calendario_lote_id_063d81cb_fk_agro_lote_id FOREIGN KEY (lote_id) REFERENCES public.agro_lote(id) DEFERRABLE INITIALLY DEFERRED;


--
-- Name: agro_calendario agro_calendario_planificacion_id_f830d58e_fk_agro_plan; Type: FK CONSTRAINT; Schema: public; Owner: agro
--

ALTER TABLE ONLY public.agro_calendario
    ADD CONSTRAINT agro_calendario_planificacion_id_f830d58e_fk_agro_plan FOREIGN KEY (planificacion_id) REFERENCES public.agro_planificacion(id) DEFERRABLE INITIALLY DEFERRED;


--
-- Name: agro_campo agro_campo_empresa_id_a45b165d_fk_agro_empresa_id; Type: FK CONSTRAINT; Schema: public; Owner: agro
--

ALTER TABLE ONLY public.agro_campo
    ADD CONSTRAINT agro_campo_empresa_id_a45b165d_fk_agro_empresa_id FOREIGN KEY (empresa_id) REFERENCES public.agro_empresa(id) DEFERRABLE INITIALLY DEFERRED;


--
-- Name: agro_ciudad agro_ciudad_provincia_id_6a31b255_fk_agro_provincia_id; Type: FK CONSTRAINT; Schema: public; Owner: agro
--

ALTER TABLE ONLY public.agro_ciudad
    ADD CONSTRAINT agro_ciudad_provincia_id_6a31b255_fk_agro_provincia_id FOREIGN KEY (provincia_id) REFERENCES public.agro_provincia(id) DEFERRABLE INITIALLY DEFERRED;


--
-- Name: agro_com agro_com_empresa_id_0fac3f7f_fk_agro_empresa_id; Type: FK CONSTRAINT; Schema: public; Owner: agro
--

ALTER TABLE ONLY public.agro_com
    ADD CONSTRAINT agro_com_empresa_id_0fac3f7f_fk_agro_empresa_id FOREIGN KEY (empresa_id) REFERENCES public.agro_empresa(id) DEFERRABLE INITIALLY DEFERRED;


--
-- Name: agro_com agro_com_num_id_4a9b3c63_fk_agro_num_id; Type: FK CONSTRAINT; Schema: public; Owner: agro
--

ALTER TABLE ONLY public.agro_com
    ADD CONSTRAINT agro_com_num_id_4a9b3c63_fk_agro_num_id FOREIGN KEY (num_id) REFERENCES public.agro_num(id) DEFERRABLE INITIALLY DEFERRED;


--
-- Name: agro_costoprod agro_costoprod_cultivo_id_9b5df605_fk_agro_cultivo_id; Type: FK CONSTRAINT; Schema: public; Owner: agro
--

ALTER TABLE ONLY public.agro_costoprod
    ADD CONSTRAINT agro_costoprod_cultivo_id_9b5df605_fk_agro_cultivo_id FOREIGN KEY (cultivo_id) REFERENCES public.agro_cultivo(id) DEFERRABLE INITIALLY DEFERRED;


--
-- Name: agro_costoprod agro_costoprod_empresa_id_5c64ad1c_fk_agro_empresa_id; Type: FK CONSTRAINT; Schema: public; Owner: agro
--

ALTER TABLE ONLY public.agro_costoprod
    ADD CONSTRAINT agro_costoprod_empresa_id_5c64ad1c_fk_agro_empresa_id FOREIGN KEY (empresa_id) REFERENCES public.agro_empresa(id) DEFERRABLE INITIALLY DEFERRED;


--
-- Name: agro_costoprod agro_costoprod_sistema_cultivo_id_22d99870_fk_agro_sist; Type: FK CONSTRAINT; Schema: public; Owner: agro
--

ALTER TABLE ONLY public.agro_costoprod
    ADD CONSTRAINT agro_costoprod_sistema_cultivo_id_22d99870_fk_agro_sist FOREIGN KEY (sistema_cultivo_id) REFERENCES public.agro_sistemacultivo(id) DEFERRABLE INITIALLY DEFERRED;


--
-- Name: agro_costoprodo agro_costoprodo_costo_prod_id_a63715ec_fk_agro_costoprod_id; Type: FK CONSTRAINT; Schema: public; Owner: agro
--

ALTER TABLE ONLY public.agro_costoprodo
    ADD CONSTRAINT agro_costoprodo_costo_prod_id_a63715ec_fk_agro_costoprod_id FOREIGN KEY (costo_prod_id) REFERENCES public.agro_costoprod(id) DEFERRABLE INITIALLY DEFERRED;


--
-- Name: agro_costoprodo agro_costoprodo_empresa_id_d883a53f_fk_agro_empresa_id; Type: FK CONSTRAINT; Schema: public; Owner: agro
--

ALTER TABLE ONLY public.agro_costoprodo
    ADD CONSTRAINT agro_costoprodo_empresa_id_d883a53f_fk_agro_empresa_id FOREIGN KEY (empresa_id) REFERENCES public.agro_empresa(id) DEFERRABLE INITIALLY DEFERRED;


--
-- Name: agro_costoprodo agro_costoprodo_especificacion_id_93f862ed_fk_agro_espe; Type: FK CONSTRAINT; Schema: public; Owner: agro
--

ALTER TABLE ONLY public.agro_costoprodo
    ADD CONSTRAINT agro_costoprodo_especificacion_id_93f862ed_fk_agro_espe FOREIGN KEY (especificacion_id) REFERENCES public.agro_especificacion_tipo(id) DEFERRABLE INITIALLY DEFERRED;


--
-- Name: agro_costoprodo agro_costoprodo_moneda_id_85345039_fk_agro_moneda_id; Type: FK CONSTRAINT; Schema: public; Owner: agro
--

ALTER TABLE ONLY public.agro_costoprodo
    ADD CONSTRAINT agro_costoprodo_moneda_id_85345039_fk_agro_moneda_id FOREIGN KEY (moneda_id) REFERENCES public.agro_moneda(id) DEFERRABLE INITIALLY DEFERRED;


--
-- Name: agro_costoprodo agro_costoprodo_um_id_7031100c_fk_agro_um_id; Type: FK CONSTRAINT; Schema: public; Owner: agro
--

ALTER TABLE ONLY public.agro_costoprodo
    ADD CONSTRAINT agro_costoprodo_um_id_7031100c_fk_agro_um_id FOREIGN KEY (um_id) REFERENCES public.agro_um(id) DEFERRABLE INITIALLY DEFERRED;


--
-- Name: agro_cotizacion agro_cotizacion_empresa_id_6b29a354_fk_agro_empresa_id; Type: FK CONSTRAINT; Schema: public; Owner: agro
--

ALTER TABLE ONLY public.agro_cotizacion
    ADD CONSTRAINT agro_cotizacion_empresa_id_6b29a354_fk_agro_empresa_id FOREIGN KEY (empresa_id) REFERENCES public.agro_empresa(id) DEFERRABLE INITIALLY DEFERRED;


--
-- Name: agro_cotizacion_general agro_cotizacion_general_moneda_id_8c5c178e_fk_agro_moneda_id; Type: FK CONSTRAINT; Schema: public; Owner: agro
--

ALTER TABLE ONLY public.agro_cotizacion_general
    ADD CONSTRAINT agro_cotizacion_general_moneda_id_8c5c178e_fk_agro_moneda_id FOREIGN KEY (moneda_id) REFERENCES public.agro_moneda(id) DEFERRABLE INITIALLY DEFERRED;


--
-- Name: agro_cotizacion agro_cotizacion_moneda_id_cab18ebe_fk_agro_moneda_id; Type: FK CONSTRAINT; Schema: public; Owner: agro
--

ALTER TABLE ONLY public.agro_cotizacion
    ADD CONSTRAINT agro_cotizacion_moneda_id_cab18ebe_fk_agro_moneda_id FOREIGN KEY (moneda_id) REFERENCES public.agro_moneda(id) DEFERRABLE INITIALLY DEFERRED;


--
-- Name: agro_deposito agro_deposito_empresa_id_bf6c22f5_fk_agro_empresa_id; Type: FK CONSTRAINT; Schema: public; Owner: agro
--

ALTER TABLE ONLY public.agro_deposito
    ADD CONSTRAINT agro_deposito_empresa_id_bf6c22f5_fk_agro_empresa_id FOREIGN KEY (empresa_id) REFERENCES public.agro_empresa(id) DEFERRABLE INITIALLY DEFERRED;


--
-- Name: agro_empresa agro_empresa_moneda_id_451b551b_fk_agro_moneda_id; Type: FK CONSTRAINT; Schema: public; Owner: agro
--

ALTER TABLE ONLY public.agro_empresa
    ADD CONSTRAINT agro_empresa_moneda_id_451b551b_fk_agro_moneda_id FOREIGN KEY (moneda_id) REFERENCES public.agro_moneda(id) DEFERRABLE INITIALLY DEFERRED;


--
-- Name: agro_especificacion_tipo agro_especificacion__agro_tipo_id_ead961b2_fk_agro_agro; Type: FK CONSTRAINT; Schema: public; Owner: agro
--

ALTER TABLE ONLY public.agro_especificacion_tipo
    ADD CONSTRAINT agro_especificacion__agro_tipo_id_ead961b2_fk_agro_agro FOREIGN KEY (agro_tipo_id) REFERENCES public.agro_agro_tipoprod(id) DEFERRABLE INITIALLY DEFERRED;


--
-- Name: agro_lote agro_lote_campo_id_5ec0c2b3_fk_agro_campo_id; Type: FK CONSTRAINT; Schema: public; Owner: agro
--

ALTER TABLE ONLY public.agro_lote
    ADD CONSTRAINT agro_lote_campo_id_5ec0c2b3_fk_agro_campo_id FOREIGN KEY (campo_id) REFERENCES public.agro_campo(id) DEFERRABLE INITIALLY DEFERRED;


--
-- Name: agro_mov agro_mov_com_id_54a7722a_fk_agro_com_id; Type: FK CONSTRAINT; Schema: public; Owner: agro
--

ALTER TABLE ONLY public.agro_mov
    ADD CONSTRAINT agro_mov_com_id_54a7722a_fk_agro_com_id FOREIGN KEY (com_id) REFERENCES public.agro_com(id) DEFERRABLE INITIALLY DEFERRED;


--
-- Name: agro_mov agro_mov_deposito1_id_9bbdfed6_fk_agro_deposito_id; Type: FK CONSTRAINT; Schema: public; Owner: agro
--

ALTER TABLE ONLY public.agro_mov
    ADD CONSTRAINT agro_mov_deposito1_id_9bbdfed6_fk_agro_deposito_id FOREIGN KEY (deposito1_id) REFERENCES public.agro_deposito(id) DEFERRABLE INITIALLY DEFERRED;


--
-- Name: agro_mov agro_mov_deposito2_id_081a2e1f_fk_agro_deposito_id; Type: FK CONSTRAINT; Schema: public; Owner: agro
--

ALTER TABLE ONLY public.agro_mov
    ADD CONSTRAINT agro_mov_deposito2_id_081a2e1f_fk_agro_deposito_id FOREIGN KEY (deposito2_id) REFERENCES public.agro_deposito(id) DEFERRABLE INITIALLY DEFERRED;


--
-- Name: agro_mov agro_mov_empresa_id_15eb4447_fk_agro_empresa_id; Type: FK CONSTRAINT; Schema: public; Owner: agro
--

ALTER TABLE ONLY public.agro_mov
    ADD CONSTRAINT agro_mov_empresa_id_15eb4447_fk_agro_empresa_id FOREIGN KEY (empresa_id) REFERENCES public.agro_empresa(id) DEFERRABLE INITIALLY DEFERRED;


--
-- Name: agro_movo agro_movo_moneda_id_c238a7ee_fk_agro_moneda_id; Type: FK CONSTRAINT; Schema: public; Owner: agro
--

ALTER TABLE ONLY public.agro_movo
    ADD CONSTRAINT agro_movo_moneda_id_c238a7ee_fk_agro_moneda_id FOREIGN KEY (moneda_id) REFERENCES public.agro_moneda(id) DEFERRABLE INITIALLY DEFERRED;


--
-- Name: agro_movo agro_movo_mov_id_145ac8c0_fk_agro_mov_id; Type: FK CONSTRAINT; Schema: public; Owner: agro
--

ALTER TABLE ONLY public.agro_movo
    ADD CONSTRAINT agro_movo_mov_id_145ac8c0_fk_agro_mov_id FOREIGN KEY (mov_id) REFERENCES public.agro_mov(id) DEFERRABLE INITIALLY DEFERRED;


--
-- Name: agro_nacionalidad agro_nacionalidad_pais_id_f786151d_fk_agro_pais_id; Type: FK CONSTRAINT; Schema: public; Owner: agro
--

ALTER TABLE ONLY public.agro_nacionalidad
    ADD CONSTRAINT agro_nacionalidad_pais_id_f786151d_fk_agro_pais_id FOREIGN KEY (pais_id) REFERENCES public.agro_pais(id) DEFERRABLE INITIALLY DEFERRED;


--
-- Name: agro_num agro_num_empresa_id_6cb003d0_fk_agro_empresa_id; Type: FK CONSTRAINT; Schema: public; Owner: agro
--

ALTER TABLE ONLY public.agro_num
    ADD CONSTRAINT agro_num_empresa_id_6cb003d0_fk_agro_empresa_id FOREIGN KEY (empresa_id) REFERENCES public.agro_empresa(id) DEFERRABLE INITIALLY DEFERRED;


--
-- Name: agro_planificacion agro_planificacion_cultivo_id_90380377_fk_agro_cultivo_id; Type: FK CONSTRAINT; Schema: public; Owner: agro
--

ALTER TABLE ONLY public.agro_planificacion
    ADD CONSTRAINT agro_planificacion_cultivo_id_90380377_fk_agro_cultivo_id FOREIGN KEY (cultivo_id) REFERENCES public.agro_cultivo(id) DEFERRABLE INITIALLY DEFERRED;


--
-- Name: agro_planificacion agro_planificacion_empresa_id_5acc534b_fk_agro_empresa_id; Type: FK CONSTRAINT; Schema: public; Owner: agro
--

ALTER TABLE ONLY public.agro_planificacion
    ADD CONSTRAINT agro_planificacion_empresa_id_5acc534b_fk_agro_empresa_id FOREIGN KEY (empresa_id) REFERENCES public.agro_empresa(id) DEFERRABLE INITIALLY DEFERRED;


--
-- Name: agro_plnificacion_insumos agro_plnificacion_in_empresa_id_33e00536_fk_agro_empr; Type: FK CONSTRAINT; Schema: public; Owner: agro
--

ALTER TABLE ONLY public.agro_plnificacion_insumos
    ADD CONSTRAINT agro_plnificacion_in_empresa_id_33e00536_fk_agro_empr FOREIGN KEY (empresa_id) REFERENCES public.agro_empresa(id) DEFERRABLE INITIALLY DEFERRED;


--
-- Name: agro_producto agro_producto_agro_rubro_id_f392f9df_fk_agro_agro_rubroprod_id; Type: FK CONSTRAINT; Schema: public; Owner: agro
--

ALTER TABLE ONLY public.agro_producto
    ADD CONSTRAINT agro_producto_agro_rubro_id_f392f9df_fk_agro_agro_rubroprod_id FOREIGN KEY (agro_rubro_id) REFERENCES public.agro_agro_rubroprod(id) DEFERRABLE INITIALLY DEFERRED;


--
-- Name: agro_producto agro_producto_agro_tipo_id_2686e531_fk_agro_agro_tipoprod_id; Type: FK CONSTRAINT; Schema: public; Owner: agro
--

ALTER TABLE ONLY public.agro_producto
    ADD CONSTRAINT agro_producto_agro_tipo_id_2686e531_fk_agro_agro_tipoprod_id FOREIGN KEY (agro_tipo_id) REFERENCES public.agro_agro_tipoprod(id) DEFERRABLE INITIALLY DEFERRED;


--
-- Name: agro_producto agro_producto_empresa_id_c8301cb9_fk_agro_empresa_id; Type: FK CONSTRAINT; Schema: public; Owner: agro
--

ALTER TABLE ONLY public.agro_producto
    ADD CONSTRAINT agro_producto_empresa_id_c8301cb9_fk_agro_empresa_id FOREIGN KEY (empresa_id) REFERENCES public.agro_empresa(id) DEFERRABLE INITIALLY DEFERRED;


--
-- Name: agro_producto agro_producto_rubro_id_ca8f274b_fk_agro_rubro_id; Type: FK CONSTRAINT; Schema: public; Owner: agro
--

ALTER TABLE ONLY public.agro_producto
    ADD CONSTRAINT agro_producto_rubro_id_ca8f274b_fk_agro_rubro_id FOREIGN KEY (rubro_id) REFERENCES public.agro_rubro(id) DEFERRABLE INITIALLY DEFERRED;


--
-- Name: agro_producto agro_producto_tipo_id_bfb1dce1_fk_agro_tipo_id; Type: FK CONSTRAINT; Schema: public; Owner: agro
--

ALTER TABLE ONLY public.agro_producto
    ADD CONSTRAINT agro_producto_tipo_id_bfb1dce1_fk_agro_tipo_id FOREIGN KEY (tipo_id) REFERENCES public.agro_tipo(id) DEFERRABLE INITIALLY DEFERRED;


--
-- Name: agro_profile agro_profile_ciudad_id_99164f5f_fk_agro_ciudad_id; Type: FK CONSTRAINT; Schema: public; Owner: agro
--

ALTER TABLE ONLY public.agro_profile
    ADD CONSTRAINT agro_profile_ciudad_id_99164f5f_fk_agro_ciudad_id FOREIGN KEY (ciudad_id) REFERENCES public.agro_ciudad(id) DEFERRABLE INITIALLY DEFERRED;


--
-- Name: agro_profile agro_profile_empresa_id_35d51947_fk_agro_empresa_id; Type: FK CONSTRAINT; Schema: public; Owner: agro
--

ALTER TABLE ONLY public.agro_profile
    ADD CONSTRAINT agro_profile_empresa_id_35d51947_fk_agro_empresa_id FOREIGN KEY (empresa_id) REFERENCES public.agro_empresa(id) DEFERRABLE INITIALLY DEFERRED;


--
-- Name: agro_profile agro_profile_genero_id_2ba82feb_fk_agro_genero_id; Type: FK CONSTRAINT; Schema: public; Owner: agro
--

ALTER TABLE ONLY public.agro_profile
    ADD CONSTRAINT agro_profile_genero_id_2ba82feb_fk_agro_genero_id FOREIGN KEY (genero_id) REFERENCES public.agro_genero(id) DEFERRABLE INITIALLY DEFERRED;


--
-- Name: agro_profile agro_profile_nacionalidad_id_73e6d322_fk_agro_nacionalidad_id; Type: FK CONSTRAINT; Schema: public; Owner: agro
--

ALTER TABLE ONLY public.agro_profile
    ADD CONSTRAINT agro_profile_nacionalidad_id_73e6d322_fk_agro_nacionalidad_id FOREIGN KEY (nacionalidad_id) REFERENCES public.agro_nacionalidad(id) DEFERRABLE INITIALLY DEFERRED;


--
-- Name: agro_profile agro_profile_pais_id_b2f7b1bb_fk_agro_pais_id; Type: FK CONSTRAINT; Schema: public; Owner: agro
--

ALTER TABLE ONLY public.agro_profile
    ADD CONSTRAINT agro_profile_pais_id_b2f7b1bb_fk_agro_pais_id FOREIGN KEY (pais_id) REFERENCES public.agro_pais(id) DEFERRABLE INITIALLY DEFERRED;


--
-- Name: agro_profile agro_profile_provincia_id_05767243_fk_agro_provincia_id; Type: FK CONSTRAINT; Schema: public; Owner: agro
--

ALTER TABLE ONLY public.agro_profile
    ADD CONSTRAINT agro_profile_provincia_id_05767243_fk_agro_provincia_id FOREIGN KEY (provincia_id) REFERENCES public.agro_provincia(id) DEFERRABLE INITIALLY DEFERRED;


--
-- Name: agro_profile agro_profile_tipodoc_id_c9d9d221_fk_agro_tipodoc_id; Type: FK CONSTRAINT; Schema: public; Owner: agro
--

ALTER TABLE ONLY public.agro_profile
    ADD CONSTRAINT agro_profile_tipodoc_id_c9d9d221_fk_agro_tipodoc_id FOREIGN KEY (tipodoc_id) REFERENCES public.agro_tipodoc(id) DEFERRABLE INITIALLY DEFERRED;


--
-- Name: agro_profile agro_profile_user_id_16b0794f_fk_auth_user_id; Type: FK CONSTRAINT; Schema: public; Owner: agro
--

ALTER TABLE ONLY public.agro_profile
    ADD CONSTRAINT agro_profile_user_id_16b0794f_fk_auth_user_id FOREIGN KEY (user_id) REFERENCES public.auth_user(id) DEFERRABLE INITIALLY DEFERRED;


--
-- Name: agro_provincia agro_provincia_pais_id_94c9ea0b_fk_agro_pais_id; Type: FK CONSTRAINT; Schema: public; Owner: agro
--

ALTER TABLE ONLY public.agro_provincia
    ADD CONSTRAINT agro_provincia_pais_id_94c9ea0b_fk_agro_pais_id FOREIGN KEY (pais_id) REFERENCES public.agro_pais(id) DEFERRABLE INITIALLY DEFERRED;


--
-- Name: agro_rubro agro_rubro_empresa_id_22145c9c_fk_agro_empresa_id; Type: FK CONSTRAINT; Schema: public; Owner: agro
--

ALTER TABLE ONLY public.agro_rubro
    ADD CONSTRAINT agro_rubro_empresa_id_22145c9c_fk_agro_empresa_id FOREIGN KEY (empresa_id) REFERENCES public.agro_empresa(id) DEFERRABLE INITIALLY DEFERRED;


--
-- Name: agro_tipo agro_tipo_empresa_id_1d8f57ee_fk_agro_empresa_id; Type: FK CONSTRAINT; Schema: public; Owner: agro
--

ALTER TABLE ONLY public.agro_tipo
    ADD CONSTRAINT agro_tipo_empresa_id_1d8f57ee_fk_agro_empresa_id FOREIGN KEY (empresa_id) REFERENCES public.agro_empresa(id) DEFERRABLE INITIALLY DEFERRED;


--
-- Name: agro_trazabilidad agro_trazabilidad_actividad_id_1dde34b7_fk_agro_actividad_id; Type: FK CONSTRAINT; Schema: public; Owner: agro
--

ALTER TABLE ONLY public.agro_trazabilidad
    ADD CONSTRAINT agro_trazabilidad_actividad_id_1dde34b7_fk_agro_actividad_id FOREIGN KEY (actividad_id) REFERENCES public.agro_actividad(id) DEFERRABLE INITIALLY DEFERRED;


--
-- Name: agro_trazabilidad agro_trazabilidad_empresa_id_e6c68821_fk_agro_empresa_id; Type: FK CONSTRAINT; Schema: public; Owner: agro
--

ALTER TABLE ONLY public.agro_trazabilidad
    ADD CONSTRAINT agro_trazabilidad_empresa_id_e6c68821_fk_agro_empresa_id FOREIGN KEY (empresa_id) REFERENCES public.agro_empresa(id) DEFERRABLE INITIALLY DEFERRED;


--
-- Name: agro_trazabilidad agro_trazabilidad_id_mov_id_d307e941_fk_agro_mov_id; Type: FK CONSTRAINT; Schema: public; Owner: agro
--

ALTER TABLE ONLY public.agro_trazabilidad
    ADD CONSTRAINT agro_trazabilidad_id_mov_id_d307e941_fk_agro_mov_id FOREIGN KEY (id_mov_id) REFERENCES public.agro_mov(id) DEFERRABLE INITIALLY DEFERRED;


--
-- Name: agro_trazabilidad agro_trazabilidad_lote_id_a193a37c_fk_agro_lote_id; Type: FK CONSTRAINT; Schema: public; Owner: agro
--

ALTER TABLE ONLY public.agro_trazabilidad
    ADD CONSTRAINT agro_trazabilidad_lote_id_a193a37c_fk_agro_lote_id FOREIGN KEY (lote_id) REFERENCES public.agro_lote(id) DEFERRABLE INITIALLY DEFERRED;


--
-- Name: agro_trazabilidad agro_trazabilidad_moneda_id_5d31bc8f_fk_agro_moneda_id; Type: FK CONSTRAINT; Schema: public; Owner: agro
--

ALTER TABLE ONLY public.agro_trazabilidad
    ADD CONSTRAINT agro_trazabilidad_moneda_id_5d31bc8f_fk_agro_moneda_id FOREIGN KEY (moneda_id) REFERENCES public.agro_moneda(id) DEFERRABLE INITIALLY DEFERRED;


--
-- Name: agro_trazabilidad agro_trazabilidad_perfil_id_4e64a66f_fk_agro_profile_id; Type: FK CONSTRAINT; Schema: public; Owner: agro
--

ALTER TABLE ONLY public.agro_trazabilidad
    ADD CONSTRAINT agro_trazabilidad_perfil_id_4e64a66f_fk_agro_profile_id FOREIGN KEY (perfil_id) REFERENCES public.agro_profile(id) DEFERRABLE INITIALLY DEFERRED;


--
-- Name: agro_trazabilidad agro_trazabilidad_unidad_medida_id_33ac3c43_fk_agro_um_id; Type: FK CONSTRAINT; Schema: public; Owner: agro
--

ALTER TABLE ONLY public.agro_trazabilidad
    ADD CONSTRAINT agro_trazabilidad_unidad_medida_id_33ac3c43_fk_agro_um_id FOREIGN KEY (unidad_medida_id) REFERENCES public.agro_um(id) DEFERRABLE INITIALLY DEFERRED;


--
-- Name: auth_group_permissions auth_group_permissio_permission_id_84c5c92e_fk_auth_perm; Type: FK CONSTRAINT; Schema: public; Owner: agro
--

ALTER TABLE ONLY public.auth_group_permissions
    ADD CONSTRAINT auth_group_permissio_permission_id_84c5c92e_fk_auth_perm FOREIGN KEY (permission_id) REFERENCES public.auth_permission(id) DEFERRABLE INITIALLY DEFERRED;


--
-- Name: auth_group_permissions auth_group_permissions_group_id_b120cbf9_fk_auth_group_id; Type: FK CONSTRAINT; Schema: public; Owner: agro
--

ALTER TABLE ONLY public.auth_group_permissions
    ADD CONSTRAINT auth_group_permissions_group_id_b120cbf9_fk_auth_group_id FOREIGN KEY (group_id) REFERENCES public.auth_group(id) DEFERRABLE INITIALLY DEFERRED;


--
-- Name: auth_permission auth_permission_content_type_id_2f476e4b_fk_django_co; Type: FK CONSTRAINT; Schema: public; Owner: agro
--

ALTER TABLE ONLY public.auth_permission
    ADD CONSTRAINT auth_permission_content_type_id_2f476e4b_fk_django_co FOREIGN KEY (content_type_id) REFERENCES public.django_content_type(id) DEFERRABLE INITIALLY DEFERRED;


--
-- Name: auth_user_groups auth_user_groups_group_id_97559544_fk_auth_group_id; Type: FK CONSTRAINT; Schema: public; Owner: agro
--

ALTER TABLE ONLY public.auth_user_groups
    ADD CONSTRAINT auth_user_groups_group_id_97559544_fk_auth_group_id FOREIGN KEY (group_id) REFERENCES public.auth_group(id) DEFERRABLE INITIALLY DEFERRED;


--
-- Name: auth_user_groups auth_user_groups_user_id_6a12ed8b_fk_auth_user_id; Type: FK CONSTRAINT; Schema: public; Owner: agro
--

ALTER TABLE ONLY public.auth_user_groups
    ADD CONSTRAINT auth_user_groups_user_id_6a12ed8b_fk_auth_user_id FOREIGN KEY (user_id) REFERENCES public.auth_user(id) DEFERRABLE INITIALLY DEFERRED;


--
-- Name: auth_user_user_permissions auth_user_user_permi_permission_id_1fbb5f2c_fk_auth_perm; Type: FK CONSTRAINT; Schema: public; Owner: agro
--

ALTER TABLE ONLY public.auth_user_user_permissions
    ADD CONSTRAINT auth_user_user_permi_permission_id_1fbb5f2c_fk_auth_perm FOREIGN KEY (permission_id) REFERENCES public.auth_permission(id) DEFERRABLE INITIALLY DEFERRED;


--
-- Name: auth_user_user_permissions auth_user_user_permissions_user_id_a95ead1b_fk_auth_user_id; Type: FK CONSTRAINT; Schema: public; Owner: agro
--

ALTER TABLE ONLY public.auth_user_user_permissions
    ADD CONSTRAINT auth_user_user_permissions_user_id_a95ead1b_fk_auth_user_id FOREIGN KEY (user_id) REFERENCES public.auth_user(id) DEFERRABLE INITIALLY DEFERRED;


--
-- Name: django_admin_log django_admin_log_content_type_id_c4bce8eb_fk_django_co; Type: FK CONSTRAINT; Schema: public; Owner: agro
--

ALTER TABLE ONLY public.django_admin_log
    ADD CONSTRAINT django_admin_log_content_type_id_c4bce8eb_fk_django_co FOREIGN KEY (content_type_id) REFERENCES public.django_content_type(id) DEFERRABLE INITIALLY DEFERRED;


--
-- Name: django_admin_log django_admin_log_user_id_c564eba6_fk_auth_user_id; Type: FK CONSTRAINT; Schema: public; Owner: agro
--

ALTER TABLE ONLY public.django_admin_log
    ADD CONSTRAINT django_admin_log_user_id_c564eba6_fk_auth_user_id FOREIGN KEY (user_id) REFERENCES public.auth_user(id) DEFERRABLE INITIALLY DEFERRED;


--
-- PostgreSQL database dump complete
--

